cell,year,n_trades
2|5|close>5SMA|nostop,1983,5
2|5|close>5SMA|nostop,1985,2
2|5|close>5SMA|nostop,1986,1
2|5|close>5SMA|nostop,1987,6
2|5|close>5SMA|nostop,1988,1
2|5|close>5SMA|nostop,1989,10
2|5|close>5SMA|nostop,1990,2
2|5|close>5SMA|nostop,1991,6
2|5|close>5SMA|nostop,1992,7
2|5|close>5SMA|nostop,1993,12
2|5|close>5SMA|nostop,1994,5
2|5|close>5SMA|nostop,1995,30
2|5|close>5SMA|nostop,1996,43
2|5|close>5SMA|nostop,1997,61
2|5|close>5SMA|nostop,1998,70
2|5|close>5SMA|nostop,1999,82
2|5|close>5SMA|nostop,2000,51
2|5|close>5SMA|nostop,2002,6
2|5|close>5SMA|nostop,2003,92
2|5|close>5SMA|nostop,2004,121
2|5|close>5SMA|nostop,2005,203
2|5|close>5SMA|nostop,2006,175
2|5|close>5SMA|nostop,2007,207
2|5|close>5SMA|nostop,2009,99
2|5|close>5SMA|nostop,2010,141
2|5|close>5SMA|nostop,2011,198
2|5|close>5SMA|nostop,2012,252
2|5|close>5SMA|2xATR,1983,5
2|5|close>5SMA|2xATR,1985,2
2|5|close>5SMA|2xATR,1986,1
2|5|close>5SMA|2xATR,1987,6
2|5|close>5SMA|2xATR,1988,2
2|5|close>5SMA|2xATR,1989,10
2|5|close>5SMA|2xATR,1990,2
2|5|close>5SMA|2xATR,1991,6
2|5|close>5SMA|2xATR,1992,8
2|5|close>5SMA|2xATR,1993,12
2|5|close>5SMA|2xATR,1994,5
2|5|close>5SMA|2xATR,1995,30
2|5|close>5SMA|2xATR,1996,44
2|5|close>5SMA|2xATR,1997,61
2|5|close>5SMA|2xATR,1998,70
2|5|close>5SMA|2xATR,1999,82
2|5|close>5SMA|2xATR,2000,51
2|5|close>5SMA|2xATR,2002,6
2|5|close>5SMA|2xATR,2003,92
2|5|close>5SMA|2xATR,2004,121
2|5|close>5SMA|2xATR,2005,203
2|5|close>5SMA|2xATR,2006,176
2|5|close>5SMA|2xATR,2007,211
2|5|close>5SMA|2xATR,2009,99
2|5|close>5SMA|2xATR,2010,142
2|5|close>5SMA|2xATR,2011,198
2|5|close>5SMA|2xATR,2012,253
2|5|RSI>65|nostop,1983,5
2|5|RSI>65|nostop,1985,2
2|5|RSI>65|nostop,1986,1
2|5|RSI>65|nostop,1987,6
2|5|RSI>65|nostop,1988,1
2|5|RSI>65|nostop,1989,10
2|5|RSI>65|nostop,1990,2
2|5|RSI>65|nostop,1991,6
2|5|RSI>65|nostop,1992,7
2|5|RSI>65|nostop,1993,12
2|5|RSI>65|nostop,1994,5
2|5|RSI>65|nostop,1995,29
2|5|RSI>65|nostop,1996,43
2|5|RSI>65|nostop,1997,61
2|5|RSI>65|nostop,1998,70
2|5|RSI>65|nostop,1999,82
2|5|RSI>65|nostop,2000,51
2|5|RSI>65|nostop,2002,6
2|5|RSI>65|nostop,2003,92
2|5|RSI>65|nostop,2004,120
2|5|RSI>65|nostop,2005,203
2|5|RSI>65|nostop,2006,173
2|5|RSI>65|nostop,2007,206
2|5|RSI>65|nostop,2009,99
2|5|RSI>65|nostop,2010,141
2|5|RSI>65|nostop,2011,198
2|5|RSI>65|nostop,2012,252
2|5|RSI>65|2xATR,1983,5
2|5|RSI>65|2xATR,1985,2
2|5|RSI>65|2xATR,1986,1
2|5|RSI>65|2xATR,1987,6
2|5|RSI>65|2xATR,1988,2
2|5|RSI>65|2xATR,1989,10
2|5|RSI>65|2xATR,1990,2
2|5|RSI>65|2xATR,1991,6
2|5|RSI>65|2xATR,1992,8
2|5|RSI>65|2xATR,1993,12
2|5|RSI>65|2xATR,1994,5
2|5|RSI>65|2xATR,1995,29
2|5|RSI>65|2xATR,1996,44
2|5|RSI>65|2xATR,1997,61
2|5|RSI>65|2xATR,1998,70
2|5|RSI>65|2xATR,1999,82
2|5|RSI>65|2xATR,2000,51
2|5|RSI>65|2xATR,2002,6
2|5|RSI>65|2xATR,2003,92
2|5|RSI>65|2xATR,2004,121
2|5|RSI>65|2xATR,2005,203
2|5|RSI>65|2xATR,2006,174
2|5|RSI>65|2xATR,2007,210
2|5|RSI>65|2xATR,2009,99
2|5|RSI>65|2xATR,2010,142
2|5|RSI>65|2xATR,2011,198
2|5|RSI>65|2xATR,2012,253
2|5|RSI>70|nostop,1983,5
2|5|RSI>70|nostop,1985,2
2|5|RSI>70|nostop,1986,1
2|5|RSI>70|nostop,1987,6
2|5|RSI>70|nostop,1988,1
2|5|RSI>70|nostop,1989,10
2|5|RSI>70|nostop,1990,2
2|5|RSI>70|nostop,1991,6
2|5|RSI>70|nostop,1992,7
2|5|RSI>70|nostop,1993,12
2|5|RSI>70|nostop,1994,5
2|5|RSI>70|nostop,1995,29
2|5|RSI>70|nostop,1996,43
2|5|RSI>70|nostop,1997,61
2|5|RSI>70|nostop,1998,70
2|5|RSI>70|nostop,1999,82
2|5|RSI>70|nostop,2000,51
2|5|RSI>70|nostop,2002,6
2|5|RSI>70|nostop,2003,92
2|5|RSI>70|nostop,2004,120
2|5|RSI>70|nostop,2005,202
2|5|RSI>70|nostop,2006,173
2|5|RSI>70|nostop,2007,205
2|5|RSI>70|nostop,2009,98
2|5|RSI>70|nostop,2010,141
2|5|RSI>70|nostop,2011,196
2|5|RSI>70|nostop,2012,252
2|5|RSI>70|2xATR,1983,5
2|5|RSI>70|2xATR,1985,2
2|5|RSI>70|2xATR,1986,1
2|5|RSI>70|2xATR,1987,6
2|5|RSI>70|2xATR,1988,2
2|5|RSI>70|2xATR,1989,10
2|5|RSI>70|2xATR,1990,2
2|5|RSI>70|2xATR,1991,6
2|5|RSI>70|2xATR,1992,8
2|5|RSI>70|2xATR,1993,12
2|5|RSI>70|2xATR,1994,5
2|5|RSI>70|2xATR,1995,29
2|5|RSI>70|2xATR,1996,44
2|5|RSI>70|2xATR,1997,61
2|5|RSI>70|2xATR,1998,70
2|5|RSI>70|2xATR,1999,82
2|5|RSI>70|2xATR,2000,51
2|5|RSI>70|2xATR,2002,6
2|5|RSI>70|2xATR,2003,92
2|5|RSI>70|2xATR,2004,121
2|5|RSI>70|2xATR,2005,203
2|5|RSI>70|2xATR,2006,174
2|5|RSI>70|2xATR,2007,209
2|5|RSI>70|2xATR,2009,98
2|5|RSI>70|2xATR,2010,142
2|5|RSI>70|2xATR,2011,196
2|5|RSI>70|2xATR,2012,253
2|5|time5d|nostop,1983,5
2|5|time5d|nostop,1985,2
2|5|time5d|nostop,1986,1
2|5|time5d|nostop,1987,6
2|5|time5d|nostop,1988,2
2|5|time5d|nostop,1989,10
2|5|time5d|nostop,1990,2
2|5|time5d|nostop,1991,6
2|5|time5d|nostop,1992,8
2|5|time5d|nostop,1993,12
2|5|time5d|nostop,1994,5
2|5|time5d|nostop,1995,30
2|5|time5d|nostop,1996,43
2|5|time5d|nostop,1997,61
2|5|time5d|nostop,1998,70
2|5|time5d|nostop,1999,82
2|5|time5d|nostop,2000,51
2|5|time5d|nostop,2002,6
2|5|time5d|nostop,2003,92
2|5|time5d|nostop,2004,121
2|5|time5d|nostop,2005,203
2|5|time5d|nostop,2006,175
2|5|time5d|nostop,2007,208
2|5|time5d|nostop,2009,99
2|5|time5d|nostop,2010,141
2|5|time5d|nostop,2011,198
2|5|time5d|nostop,2012,255
2|5|time5d|2xATR,1983,5
2|5|time5d|2xATR,1985,2
2|5|time5d|2xATR,1986,1
2|5|time5d|2xATR,1987,6
2|5|time5d|2xATR,1988,2
2|5|time5d|2xATR,1989,10
2|5|time5d|2xATR,1990,2
2|5|time5d|2xATR,1991,6
2|5|time5d|2xATR,1992,8
2|5|time5d|2xATR,1993,12
2|5|time5d|2xATR,1994,5
2|5|time5d|2xATR,1995,30
2|5|time5d|2xATR,1996,44
2|5|time5d|2xATR,1997,61
2|5|time5d|2xATR,1998,70
2|5|time5d|2xATR,1999,82
2|5|time5d|2xATR,2000,51
2|5|time5d|2xATR,2002,6
2|5|time5d|2xATR,2003,92
2|5|time5d|2xATR,2004,121
2|5|time5d|2xATR,2005,203
2|5|time5d|2xATR,2006,175
2|5|time5d|2xATR,2007,211
2|5|time5d|2xATR,2009,99
2|5|time5d|2xATR,2010,142
2|5|time5d|2xATR,2011,198
2|5|time5d|2xATR,2012,256
2|10|close>5SMA|nostop,1982,3
2|10|close>5SMA|nostop,1983,6
2|10|close>5SMA|nostop,1985,3
2|10|close>5SMA|nostop,1986,2
2|10|close>5SMA|nostop,1987,10
2|10|close>5SMA|nostop,1988,1
2|10|close>5SMA|nostop,1989,14
2|10|close>5SMA|nostop,1990,6
2|10|close>5SMA|nostop,1991,15
2|10|close>5SMA|nostop,1992,19
2|10|close>5SMA|nostop,1993,28
2|10|close>5SMA|nostop,1994,13
2|10|close>5SMA|nostop,1995,65
2|10|close>5SMA|nostop,1996,105
2|10|close>5SMA|nostop,1997,150
2|10|close>5SMA|nostop,1998,147
2|10|close>5SMA|nostop,1999,181
2|10|close>5SMA|nostop,2000,145
2|10|close>5SMA|nostop,2002,16
2|10|close>5SMA|nostop,2003,241
2|10|close>5SMA|nostop,2004,315
2|10|close>5SMA|nostop,2005,462
2|10|close>5SMA|nostop,2006,382
2|10|close>5SMA|nostop,2007,468
2|10|close>5SMA|nostop,2009,300
2|10|close>5SMA|nostop,2010,393
2|10|close>5SMA|nostop,2011,446
2|10|close>5SMA|nostop,2012,594
2|10|close>5SMA|2xATR,1982,3
2|10|close>5SMA|2xATR,1983,6
2|10|close>5SMA|2xATR,1985,3
2|10|close>5SMA|2xATR,1986,2
2|10|close>5SMA|2xATR,1987,10
2|10|close>5SMA|2xATR,1988,2
2|10|close>5SMA|2xATR,1989,15
2|10|close>5SMA|2xATR,1990,6
2|10|close>5SMA|2xATR,1991,16
2|10|close>5SMA|2xATR,1992,20
2|10|close>5SMA|2xATR,1993,28
2|10|close>5SMA|2xATR,1994,13
2|10|close>5SMA|2xATR,1995,66
2|10|close>5SMA|2xATR,1996,108
2|10|close>5SMA|2xATR,1997,153
2|10|close>5SMA|2xATR,1998,152
2|10|close>5SMA|2xATR,1999,183
2|10|close>5SMA|2xATR,2000,145
2|10|close>5SMA|2xATR,2002,16
2|10|close>5SMA|2xATR,2003,242
2|10|close>5SMA|2xATR,2004,318
2|10|close>5SMA|2xATR,2005,466
2|10|close>5SMA|2xATR,2006,389
2|10|close>5SMA|2xATR,2007,476
2|10|close>5SMA|2xATR,2009,300
2|10|close>5SMA|2xATR,2010,399
2|10|close>5SMA|2xATR,2011,448
2|10|close>5SMA|2xATR,2012,600
2|10|RSI>65|nostop,1982,3
2|10|RSI>65|nostop,1983,6
2|10|RSI>65|nostop,1985,3
2|10|RSI>65|nostop,1986,2
2|10|RSI>65|nostop,1987,10
2|10|RSI>65|nostop,1988,1
2|10|RSI>65|nostop,1989,14
2|10|RSI>65|nostop,1990,6
2|10|RSI>65|nostop,1991,15
2|10|RSI>65|nostop,1992,19
2|10|RSI>65|nostop,1993,28
2|10|RSI>65|nostop,1994,13
2|10|RSI>65|nostop,1995,64
2|10|RSI>65|nostop,1996,105
2|10|RSI>65|nostop,1997,149
2|10|RSI>65|nostop,1998,146
2|10|RSI>65|nostop,1999,180
2|10|RSI>65|nostop,2000,145
2|10|RSI>65|nostop,2002,15
2|10|RSI>65|nostop,2003,241
2|10|RSI>65|nostop,2004,314
2|10|RSI>65|nostop,2005,457
2|10|RSI>65|nostop,2006,376
2|10|RSI>65|nostop,2007,464
2|10|RSI>65|nostop,2009,296
2|10|RSI>65|nostop,2010,389
2|10|RSI>65|nostop,2011,441
2|10|RSI>65|nostop,2012,594
2|10|RSI>65|2xATR,1982,3
2|10|RSI>65|2xATR,1983,6
2|10|RSI>65|2xATR,1985,3
2|10|RSI>65|2xATR,1986,2
2|10|RSI>65|2xATR,1987,10
2|10|RSI>65|2xATR,1988,2
2|10|RSI>65|2xATR,1989,15
2|10|RSI>65|2xATR,1990,6
2|10|RSI>65|2xATR,1991,16
2|10|RSI>65|2xATR,1992,20
2|10|RSI>65|2xATR,1993,28
2|10|RSI>65|2xATR,1994,13
2|10|RSI>65|2xATR,1995,65
2|10|RSI>65|2xATR,1996,108
2|10|RSI>65|2xATR,1997,152
2|10|RSI>65|2xATR,1998,151
2|10|RSI>65|2xATR,1999,182
2|10|RSI>65|2xATR,2000,145
2|10|RSI>65|2xATR,2002,15
2|10|RSI>65|2xATR,2003,242
2|10|RSI>65|2xATR,2004,318
2|10|RSI>65|2xATR,2005,461
2|10|RSI>65|2xATR,2006,384
2|10|RSI>65|2xATR,2007,472
2|10|RSI>65|2xATR,2009,297
2|10|RSI>65|2xATR,2010,395
2|10|RSI>65|2xATR,2011,443
2|10|RSI>65|2xATR,2012,600
2|10|RSI>70|nostop,1982,3
2|10|RSI>70|nostop,1983,6
2|10|RSI>70|nostop,1985,3
2|10|RSI>70|nostop,1986,2
2|10|RSI>70|nostop,1987,10
2|10|RSI>70|nostop,1988,1
2|10|RSI>70|nostop,1989,14
2|10|RSI>70|nostop,1990,6
2|10|RSI>70|nostop,1991,15
2|10|RSI>70|nostop,1992,19
2|10|RSI>70|nostop,1993,28
2|10|RSI>70|nostop,1994,13
2|10|RSI>70|nostop,1995,64
2|10|RSI>70|nostop,1996,102
2|10|RSI>70|nostop,1997,149
2|10|RSI>70|nostop,1998,146
2|10|RSI>70|nostop,1999,177
2|10|RSI>70|nostop,2000,144
2|10|RSI>70|nostop,2002,15
2|10|RSI>70|nostop,2003,239
2|10|RSI>70|nostop,2004,312
2|10|RSI>70|nostop,2005,450
2|10|RSI>70|nostop,2006,376
2|10|RSI>70|nostop,2007,461
2|10|RSI>70|nostop,2009,293
2|10|RSI>70|nostop,2010,384
2|10|RSI>70|nostop,2011,434
2|10|RSI>70|nostop,2012,592
2|10|RSI>70|2xATR,1982,3
2|10|RSI>70|2xATR,1983,6
2|10|RSI>70|2xATR,1985,3
2|10|RSI>70|2xATR,1986,2
2|10|RSI>70|2xATR,1987,10
2|10|RSI>70|2xATR,1988,2
2|10|RSI>70|2xATR,1989,15
2|10|RSI>70|2xATR,1990,6
2|10|RSI>70|2xATR,1991,16
2|10|RSI>70|2xATR,1992,20
2|10|RSI>70|2xATR,1993,28
2|10|RSI>70|2xATR,1994,13
2|10|RSI>70|2xATR,1995,65
2|10|RSI>70|2xATR,1996,105
2|10|RSI>70|2xATR,1997,152
2|10|RSI>70|2xATR,1998,151
2|10|RSI>70|2xATR,1999,179
2|10|RSI>70|2xATR,2000,144
2|10|RSI>70|2xATR,2002,15
2|10|RSI>70|2xATR,2003,240
2|10|RSI>70|2xATR,2004,316
2|10|RSI>70|2xATR,2005,455
2|10|RSI>70|2xATR,2006,384
2|10|RSI>70|2xATR,2007,470
2|10|RSI>70|2xATR,2009,294
2|10|RSI>70|2xATR,2010,390
2|10|RSI>70|2xATR,2011,437
2|10|RSI>70|2xATR,2012,598
2|10|time5d|nostop,1982,3
2|10|time5d|nostop,1983,6
2|10|time5d|nostop,1985,3
2|10|time5d|nostop,1986,2
2|10|time5d|nostop,1987,10
2|10|time5d|nostop,1988,2
2|10|time5d|nostop,1989,14
2|10|time5d|nostop,1990,6
2|10|time5d|nostop,1991,16
2|10|time5d|nostop,1992,20
2|10|time5d|nostop,1993,28
2|10|time5d|nostop,1994,13
2|10|time5d|nostop,1995,65
2|10|time5d|nostop,1996,104
2|10|time5d|nostop,1997,149
2|10|time5d|nostop,1998,146
2|10|time5d|nostop,1999,179
2|10|time5d|nostop,2000,144
2|10|time5d|nostop,2002,15
2|10|time5d|nostop,2003,239
2|10|time5d|nostop,2004,317
2|10|time5d|nostop,2005,452
2|10|time5d|nostop,2006,385
2|10|time5d|nostop,2007,467
2|10|time5d|nostop,2009,289
2|10|time5d|nostop,2010,388
2|10|time5d|nostop,2011,441
2|10|time5d|nostop,2012,597
2|10|time5d|2xATR,1982,3
2|10|time5d|2xATR,1983,6
2|10|time5d|2xATR,1985,3
2|10|time5d|2xATR,1986,2
2|10|time5d|2xATR,1987,10
2|10|time5d|2xATR,1988,2
2|10|time5d|2xATR,1989,15
2|10|time5d|2xATR,1990,6
2|10|time5d|2xATR,1991,16
2|10|time5d|2xATR,1992,20
2|10|time5d|2xATR,1993,28
2|10|time5d|2xATR,1994,13
2|10|time5d|2xATR,1995,66
2|10|time5d|2xATR,1996,106
2|10|time5d|2xATR,1997,151
2|10|time5d|2xATR,1998,150
2|10|time5d|2xATR,1999,180
2|10|time5d|2xATR,2000,144
2|10|time5d|2xATR,2002,15
2|10|time5d|2xATR,2003,240
2|10|time5d|2xATR,2004,319
2|10|time5d|2xATR,2005,456
2|10|time5d|2xATR,2006,389
2|10|time5d|2xATR,2007,473
2|10|time5d|2xATR,2009,289
2|10|time5d|2xATR,2010,392
2|10|time5d|2xATR,2011,443
2|10|time5d|2xATR,2012,602
2|15|close>5SMA|nostop,1982,6
2|15|close>5SMA|nostop,1983,11
2|15|close>5SMA|nostop,1985,3
2|15|close>5SMA|nostop,1986,4
2|15|close>5SMA|nostop,1987,15
2|15|close>5SMA|nostop,1988,2
2|15|close>5SMA|nostop,1989,17
2|15|close>5SMA|nostop,1990,8
2|15|close>5SMA|nostop,1991,25
2|15|close>5SMA|nostop,1992,22
2|15|close>5SMA|nostop,1993,44
2|15|close>5SMA|nostop,1994,23
2|15|close>5SMA|nostop,1995,102
2|15|close>5SMA|nostop,1996,152
2|15|close>5SMA|nostop,1997,223
2|15|close>5SMA|nostop,1998,225
2|15|close>5SMA|nostop,1999,281
2|15|close>5SMA|nostop,2000,236
2|15|close>5SMA|nostop,2002,24
2|15|close>5SMA|nostop,2003,402
2|15|close>5SMA|nostop,2004,495
2|15|close>5SMA|nostop,2005,667
2|15|close>5SMA|nostop,2006,606
2|15|close>5SMA|nostop,2007,731
2|15|close>5SMA|nostop,2009,453
2|15|close>5SMA|nostop,2010,653
2|15|close>5SMA|nostop,2011,664
2|15|close>5SMA|nostop,2012,948
2|15|close>5SMA|2xATR,1982,6
2|15|close>5SMA|2xATR,1983,11
2|15|close>5SMA|2xATR,1985,3
2|15|close>5SMA|2xATR,1986,4
2|15|close>5SMA|2xATR,1987,15
2|15|close>5SMA|2xATR,1988,3
2|15|close>5SMA|2xATR,1989,18
2|15|close>5SMA|2xATR,1990,9
2|15|close>5SMA|2xATR,1991,26
2|15|close>5SMA|2xATR,1992,24
2|15|close>5SMA|2xATR,1993,45
2|15|close>5SMA|2xATR,1994,23
2|15|close>5SMA|2xATR,1995,104
2|15|close>5SMA|2xATR,1996,155
2|15|close>5SMA|2xATR,1997,230
2|15|close>5SMA|2xATR,1998,233
2|15|close>5SMA|2xATR,1999,286
2|15|close>5SMA|2xATR,2000,238
2|15|close>5SMA|2xATR,2002,24
2|15|close>5SMA|2xATR,2003,407
2|15|close>5SMA|2xATR,2004,501
2|15|close>5SMA|2xATR,2005,680
2|15|close>5SMA|2xATR,2006,622
2|15|close>5SMA|2xATR,2007,748
2|15|close>5SMA|2xATR,2009,454
2|15|close>5SMA|2xATR,2010,671
2|15|close>5SMA|2xATR,2011,673
2|15|close>5SMA|2xATR,2012,963
2|15|RSI>65|nostop,1982,6
2|15|RSI>65|nostop,1983,11
2|15|RSI>65|nostop,1985,3
2|15|RSI>65|nostop,1986,4
2|15|RSI>65|nostop,1987,15
2|15|RSI>65|nostop,1988,2
2|15|RSI>65|nostop,1989,17
2|15|RSI>65|nostop,1990,8
2|15|RSI>65|nostop,1991,25
2|15|RSI>65|nostop,1992,22
2|15|RSI>65|nostop,1993,44
2|15|RSI>65|nostop,1994,23
2|15|RSI>65|nostop,1995,101
2|15|RSI>65|nostop,1996,151
2|15|RSI>65|nostop,1997,219
2|15|RSI>65|nostop,1998,221
2|15|RSI>65|nostop,1999,278
2|15|RSI>65|nostop,2000,235
2|15|RSI>65|nostop,2002,23
2|15|RSI>65|nostop,2003,393
2|15|RSI>65|nostop,2004,491
2|15|RSI>65|nostop,2005,657
2|15|RSI>65|nostop,2006,594
2|15|RSI>65|nostop,2007,717
2|15|RSI>65|nostop,2009,446
2|15|RSI>65|nostop,2010,643
2|15|RSI>65|nostop,2011,650
2|15|RSI>65|nostop,2012,934
2|15|RSI>65|2xATR,1982,6
2|15|RSI>65|2xATR,1983,11
2|15|RSI>65|2xATR,1985,3
2|15|RSI>65|2xATR,1986,4
2|15|RSI>65|2xATR,1987,15
2|15|RSI>65|2xATR,1988,3
2|15|RSI>65|2xATR,1989,18
2|15|RSI>65|2xATR,1990,9
2|15|RSI>65|2xATR,1991,26
2|15|RSI>65|2xATR,1992,24
2|15|RSI>65|2xATR,1993,45
2|15|RSI>65|2xATR,1994,23
2|15|RSI>65|2xATR,1995,103
2|15|RSI>65|2xATR,1996,155
2|15|RSI>65|2xATR,1997,226
2|15|RSI>65|2xATR,1998,230
2|15|RSI>65|2xATR,1999,283
2|15|RSI>65|2xATR,2000,237
2|15|RSI>65|2xATR,2002,23
2|15|RSI>65|2xATR,2003,398
2|15|RSI>65|2xATR,2004,499
2|15|RSI>65|2xATR,2005,672
2|15|RSI>65|2xATR,2006,612
2|15|RSI>65|2xATR,2007,735
2|15|RSI>65|2xATR,2009,448
2|15|RSI>65|2xATR,2010,661
2|15|RSI>65|2xATR,2011,659
2|15|RSI>65|2xATR,2012,950
2|15|RSI>70|nostop,1982,5
2|15|RSI>70|nostop,1983,11
2|15|RSI>70|nostop,1985,3
2|15|RSI>70|nostop,1986,4
2|15|RSI>70|nostop,1987,15
2|15|RSI>70|nostop,1988,2
2|15|RSI>70|nostop,1989,17
2|15|RSI>70|nostop,1990,8
2|15|RSI>70|nostop,1991,25
2|15|RSI>70|nostop,1992,22
2|15|RSI>70|nostop,1993,44
2|15|RSI>70|nostop,1994,23
2|15|RSI>70|nostop,1995,100
2|15|RSI>70|nostop,1996,147
2|15|RSI>70|nostop,1997,217
2|15|RSI>70|nostop,1998,219
2|15|RSI>70|nostop,1999,274
2|15|RSI>70|nostop,2000,232
2|15|RSI>70|nostop,2002,22
2|15|RSI>70|nostop,2003,387
2|15|RSI>70|nostop,2004,482
2|15|RSI>70|nostop,2005,642
2|15|RSI>70|nostop,2006,587
2|15|RSI>70|nostop,2007,706
2|15|RSI>70|nostop,2009,440
2|15|RSI>70|nostop,2010,631
2|15|RSI>70|nostop,2011,634
2|15|RSI>70|nostop,2012,924
2|15|RSI>70|2xATR,1982,5
2|15|RSI>70|2xATR,1983,11
2|15|RSI>70|2xATR,1985,3
2|15|RSI>70|2xATR,1986,4
2|15|RSI>70|2xATR,1987,15
2|15|RSI>70|2xATR,1988,3
2|15|RSI>70|2xATR,1989,18
2|15|RSI>70|2xATR,1990,9
2|15|RSI>70|2xATR,1991,26
2|15|RSI>70|2xATR,1992,24
2|15|RSI>70|2xATR,1993,45
2|15|RSI>70|2xATR,1994,23
2|15|RSI>70|2xATR,1995,103
2|15|RSI>70|2xATR,1996,152
2|15|RSI>70|2xATR,1997,224
2|15|RSI>70|2xATR,1998,228
2|15|RSI>70|2xATR,1999,279
2|15|RSI>70|2xATR,2000,234
2|15|RSI>70|2xATR,2002,22
2|15|RSI>70|2xATR,2003,392
2|15|RSI>70|2xATR,2004,490
2|15|RSI>70|2xATR,2005,660
2|15|RSI>70|2xATR,2006,606
2|15|RSI>70|2xATR,2007,725
2|15|RSI>70|2xATR,2009,442
2|15|RSI>70|2xATR,2010,649
2|15|RSI>70|2xATR,2011,644
2|15|RSI>70|2xATR,2012,940
2|15|time5d|nostop,1982,5
2|15|time5d|nostop,1983,11
2|15|time5d|nostop,1985,3
2|15|time5d|nostop,1986,4
2|15|time5d|nostop,1987,16
2|15|time5d|nostop,1988,3
2|15|time5d|nostop,1989,17
2|15|time5d|nostop,1990,7
2|15|time5d|nostop,1991,26
2|15|time5d|nostop,1992,23
2|15|time5d|nostop,1993,45
2|15|time5d|nostop,1994,23
2|15|time5d|nostop,1995,100
2|15|time5d|nostop,1996,151
2|15|time5d|nostop,1997,219
2|15|time5d|nostop,1998,218
2|15|time5d|nostop,1999,275
2|15|time5d|nostop,2000,234
2|15|time5d|nostop,2002,24
2|15|time5d|nostop,2003,392
2|15|time5d|nostop,2004,480
2|15|time5d|nostop,2005,652
2|15|time5d|nostop,2006,592
2|15|time5d|nostop,2007,717
2|15|time5d|nostop,2009,430
2|15|time5d|nostop,2010,636
2|15|time5d|nostop,2011,646
2|15|time5d|nostop,2012,924
2|15|time5d|2xATR,1982,5
2|15|time5d|2xATR,1983,11
2|15|time5d|2xATR,1985,3
2|15|time5d|2xATR,1986,4
2|15|time5d|2xATR,1987,16
2|15|time5d|2xATR,1988,3
2|15|time5d|2xATR,1989,18
2|15|time5d|2xATR,1990,8
2|15|time5d|2xATR,1991,26
2|15|time5d|2xATR,1992,24
2|15|time5d|2xATR,1993,46
2|15|time5d|2xATR,1994,23
2|15|time5d|2xATR,1995,102
2|15|time5d|2xATR,1996,153
2|15|time5d|2xATR,1997,225
2|15|time5d|2xATR,1998,223
2|15|time5d|2xATR,1999,279
2|15|time5d|2xATR,2000,236
2|15|time5d|2xATR,2002,24
2|15|time5d|2xATR,2003,396
2|15|time5d|2xATR,2004,485
2|15|time5d|2xATR,2005,664
2|15|time5d|2xATR,2006,603
2|15|time5d|2xATR,2007,733
2|15|time5d|2xATR,2009,430
2|15|time5d|2xATR,2010,652
2|15|time5d|2xATR,2011,651
2|15|time5d|2xATR,2012,936
2|20|close>5SMA|nostop,1982,7
2|20|close>5SMA|nostop,1983,15
2|20|close>5SMA|nostop,1985,4
2|20|close>5SMA|nostop,1986,8
2|20|close>5SMA|nostop,1987,18
2|20|close>5SMA|nostop,1988,3
2|20|close>5SMA|nostop,1989,20
2|20|close>5SMA|nostop,1990,9
2|20|close>5SMA|nostop,1991,35
2|20|close>5SMA|nostop,1992,25
2|20|close>5SMA|nostop,1993,61
2|20|close>5SMA|nostop,1994,34
2|20|close>5SMA|nostop,1995,139
2|20|close>5SMA|nostop,1996,194
2|20|close>5SMA|nostop,1997,305
2|20|close>5SMA|nostop,1998,297
2|20|close>5SMA|nostop,1999,394
2|20|close>5SMA|nostop,2000,310
2|20|close>5SMA|nostop,2002,35
2|20|close>5SMA|nostop,2003,544
2|20|close>5SMA|nostop,2004,652
2|20|close>5SMA|nostop,2005,857
2|20|close>5SMA|nostop,2006,803
2|20|close>5SMA|nostop,2007,959
2|20|close>5SMA|nostop,2009,597
2|20|close>5SMA|nostop,2010,937
2|20|close>5SMA|nostop,2011,845
2|20|close>5SMA|nostop,2012,1251
2|20|close>5SMA|2xATR,1982,7
2|20|close>5SMA|2xATR,1983,15
2|20|close>5SMA|2xATR,1985,4
2|20|close>5SMA|2xATR,1986,8
2|20|close>5SMA|2xATR,1987,20
2|20|close>5SMA|2xATR,1988,4
2|20|close>5SMA|2xATR,1989,21
2|20|close>5SMA|2xATR,1990,10
2|20|close>5SMA|2xATR,1991,36
2|20|close>5SMA|2xATR,1992,27
2|20|close>5SMA|2xATR,1993,62
2|20|close>5SMA|2xATR,1994,34
2|20|close>5SMA|2xATR,1995,143
2|20|close>5SMA|2xATR,1996,199
2|20|close>5SMA|2xATR,1997,314
2|20|close>5SMA|2xATR,1998,314
2|20|close>5SMA|2xATR,1999,404
2|20|close>5SMA|2xATR,2000,316
2|20|close>5SMA|2xATR,2002,36
2|20|close>5SMA|2xATR,2003,559
2|20|close>5SMA|2xATR,2004,670
2|20|close>5SMA|2xATR,2005,882
2|20|close>5SMA|2xATR,2006,831
2|20|close>5SMA|2xATR,2007,995
2|20|close>5SMA|2xATR,2009,598
2|20|close>5SMA|2xATR,2010,961
2|20|close>5SMA|2xATR,2011,862
2|20|close>5SMA|2xATR,2012,1286
2|20|RSI>65|nostop,1982,7
2|20|RSI>65|nostop,1983,14
2|20|RSI>65|nostop,1985,4
2|20|RSI>65|nostop,1986,8
2|20|RSI>65|nostop,1987,18
2|20|RSI>65|nostop,1988,3
2|20|RSI>65|nostop,1989,20
2|20|RSI>65|nostop,1990,9
2|20|RSI>65|nostop,1991,35
2|20|RSI>65|nostop,1992,25
2|20|RSI>65|nostop,1993,60
2|20|RSI>65|nostop,1994,34
2|20|RSI>65|nostop,1995,133
2|20|RSI>65|nostop,1996,189
2|20|RSI>65|nostop,1997,300
2|20|RSI>65|nostop,1998,290
2|20|RSI>65|nostop,1999,391
2|20|RSI>65|nostop,2000,302
2|20|RSI>65|nostop,2002,34
2|20|RSI>65|nostop,2003,530
2|20|RSI>65|nostop,2004,642
2|20|RSI>65|nostop,2005,835
2|20|RSI>65|nostop,2006,784
2|20|RSI>65|nostop,2007,934
2|20|RSI>65|nostop,2009,578
2|20|RSI>65|nostop,2010,920
2|20|RSI>65|nostop,2011,825
2|20|RSI>65|nostop,2012,1227
2|20|RSI>65|2xATR,1982,7
2|20|RSI>65|2xATR,1983,15
2|20|RSI>65|2xATR,1985,4
2|20|RSI>65|2xATR,1986,8
2|20|RSI>65|2xATR,1987,20
2|20|RSI>65|2xATR,1988,4
2|20|RSI>65|2xATR,1989,21
2|20|RSI>65|2xATR,1990,10
2|20|RSI>65|2xATR,1991,36
2|20|RSI>65|2xATR,1992,27
2|20|RSI>65|2xATR,1993,61
2|20|RSI>65|2xATR,1994,34
2|20|RSI>65|2xATR,1995,137
2|20|RSI>65|2xATR,1996,195
2|20|RSI>65|2xATR,1997,309
2|20|RSI>65|2xATR,1998,310
2|20|RSI>65|2xATR,1999,401
2|20|RSI>65|2xATR,2000,308
2|20|RSI>65|2xATR,2002,35
2|20|RSI>65|2xATR,2003,545
2|20|RSI>65|2xATR,2004,663
2|20|RSI>65|2xATR,2005,863
2|20|RSI>65|2xATR,2006,814
2|20|RSI>65|2xATR,2007,975
2|20|RSI>65|2xATR,2009,581
2|20|RSI>65|2xATR,2010,946
2|20|RSI>65|2xATR,2011,842
2|20|RSI>65|2xATR,2012,1263
2|20|RSI>70|nostop,1982,6
2|20|RSI>70|nostop,1983,14
2|20|RSI>70|nostop,1985,4
2|20|RSI>70|nostop,1986,8
2|20|RSI>70|nostop,1987,18
2|20|RSI>70|nostop,1988,3
2|20|RSI>70|nostop,1989,20
2|20|RSI>70|nostop,1990,8
2|20|RSI>70|nostop,1991,35
2|20|RSI>70|nostop,1992,25
2|20|RSI>70|nostop,1993,60
2|20|RSI>70|nostop,1994,34
2|20|RSI>70|nostop,1995,130
2|20|RSI>70|nostop,1996,180
2|20|RSI>70|nostop,1997,296
2|20|RSI>70|nostop,1998,287
2|20|RSI>70|nostop,1999,381
2|20|RSI>70|nostop,2000,292
2|20|RSI>70|nostop,2002,33
2|20|RSI>70|nostop,2003,513
2|20|RSI>70|nostop,2004,628
2|20|RSI>70|nostop,2005,810
2|20|RSI>70|nostop,2006,768
2|20|RSI>70|nostop,2007,913
2|20|RSI>70|nostop,2009,558
2|20|RSI>70|nostop,2010,886
2|20|RSI>70|nostop,2011,797
2|20|RSI>70|nostop,2012,1202
2|20|RSI>70|2xATR,1982,6
2|20|RSI>70|2xATR,1983,15
2|20|RSI>70|2xATR,1985,4
2|20|RSI>70|2xATR,1986,8
2|20|RSI>70|2xATR,1987,20
2|20|RSI>70|2xATR,1988,4
2|20|RSI>70|2xATR,1989,21
2|20|RSI>70|2xATR,1990,9
2|20|RSI>70|2xATR,1991,36
2|20|RSI>70|2xATR,1992,27
2|20|RSI>70|2xATR,1993,61
2|20|RSI>70|2xATR,1994,34
2|20|RSI>70|2xATR,1995,135
2|20|RSI>70|2xATR,1996,187
2|20|RSI>70|2xATR,1997,305
2|20|RSI>70|2xATR,1998,307
2|20|RSI>70|2xATR,1999,391
2|20|RSI>70|2xATR,2000,300
2|20|RSI>70|2xATR,2002,34
2|20|RSI>70|2xATR,2003,529
2|20|RSI>70|2xATR,2004,649
2|20|RSI>70|2xATR,2005,843
2|20|RSI>70|2xATR,2006,799
2|20|RSI>70|2xATR,2007,955
2|20|RSI>70|2xATR,2009,561
2|20|RSI>70|2xATR,2010,914
2|20|RSI>70|2xATR,2011,816
2|20|RSI>70|2xATR,2012,1238
2|20|time5d|nostop,1982,6
2|20|time5d|nostop,1983,15
2|20|time5d|nostop,1985,4
2|20|time5d|nostop,1986,8
2|20|time5d|nostop,1987,18
2|20|time5d|nostop,1988,4
2|20|time5d|nostop,1989,20
2|20|time5d|nostop,1990,7
2|20|time5d|nostop,1991,35
2|20|time5d|nostop,1992,26
2|20|time5d|nostop,1993,58
2|20|time5d|nostop,1994,33
2|20|time5d|nostop,1995,133
2|20|time5d|nostop,1996,185
2|20|time5d|nostop,1997,293
2|20|time5d|nostop,1998,285
2|20|time5d|nostop,1999,378
2|20|time5d|nostop,2000,291
2|20|time5d|nostop,2002,34
2|20|time5d|nostop,2003,512
2|20|time5d|nostop,2004,631
2|20|time5d|nostop,2005,828
2|20|time5d|nostop,2006,771
2|20|time5d|nostop,2007,922
2|20|time5d|nostop,2009,543
2|20|time5d|nostop,2010,892
2|20|time5d|nostop,2011,810
2|20|time5d|nostop,2012,1210
2|20|time5d|2xATR,1982,6
2|20|time5d|2xATR,1983,15
2|20|time5d|2xATR,1985,4
2|20|time5d|2xATR,1986,8
2|20|time5d|2xATR,1987,20
2|20|time5d|2xATR,1988,4
2|20|time5d|2xATR,1989,21
2|20|time5d|2xATR,1990,8
2|20|time5d|2xATR,1991,35
2|20|time5d|2xATR,1992,27
2|20|time5d|2xATR,1993,59
2|20|time5d|2xATR,1994,33
2|20|time5d|2xATR,1995,136
2|20|time5d|2xATR,1996,189
2|20|time5d|2xATR,1997,299
2|20|time5d|2xATR,1998,298
2|20|time5d|2xATR,1999,384
2|20|time5d|2xATR,2000,295
2|20|time5d|2xATR,2002,35
2|20|time5d|2xATR,2003,521
2|20|time5d|2xATR,2004,642
2|20|time5d|2xATR,2005,846
2|20|time5d|2xATR,2006,790
2|20|time5d|2xATR,2007,950
2|20|time5d|2xATR,2009,543
2|20|time5d|2xATR,2010,910
2|20|time5d|2xATR,2011,822
2|20|time5d|2xATR,2012,1235
3|5|close>5SMA|nostop,1991,1
3|5|close>5SMA|nostop,1992,3
3|5|close>5SMA|nostop,1993,1
3|5|close>5SMA|nostop,1995,2
3|5|close>5SMA|nostop,1996,2
3|5|close>5SMA|nostop,1997,3
3|5|close>5SMA|nostop,1998,6
3|5|close>5SMA|nostop,1999,5
3|5|close>5SMA|nostop,2000,2
3|5|close>5SMA|nostop,2003,4
3|5|close>5SMA|nostop,2004,5
3|5|close>5SMA|nostop,2005,6
3|5|close>5SMA|nostop,2006,9
3|5|close>5SMA|nostop,2007,18
3|5|close>5SMA|nostop,2009,3
3|5|close>5SMA|nostop,2010,6
3|5|close>5SMA|nostop,2011,5
3|5|close>5SMA|nostop,2012,14
3|5|close>5SMA|2xATR,1991,1
3|5|close>5SMA|2xATR,1992,3
3|5|close>5SMA|2xATR,1993,1
3|5|close>5SMA|2xATR,1995,2
3|5|close>5SMA|2xATR,1996,2
3|5|close>5SMA|2xATR,1997,3
3|5|close>5SMA|2xATR,1998,6
3|5|close>5SMA|2xATR,1999,5
3|5|close>5SMA|2xATR,2000,2
3|5|close>5SMA|2xATR,2003,4
3|5|close>5SMA|2xATR,2004,5
3|5|close>5SMA|2xATR,2005,6
3|5|close>5SMA|2xATR,2006,9
3|5|close>5SMA|2xATR,2007,18
3|5|close>5SMA|2xATR,2009,3
3|5|close>5SMA|2xATR,2010,6
3|5|close>5SMA|2xATR,2011,5
3|5|close>5SMA|2xATR,2012,14
3|5|RSI>65|nostop,1991,1
3|5|RSI>65|nostop,1992,3
3|5|RSI>65|nostop,1993,1
3|5|RSI>65|nostop,1995,2
3|5|RSI>65|nostop,1996,2
3|5|RSI>65|nostop,1997,3
3|5|RSI>65|nostop,1998,6
3|5|RSI>65|nostop,1999,5
3|5|RSI>65|nostop,2000,2
3|5|RSI>65|nostop,2003,4
3|5|RSI>65|nostop,2004,5
3|5|RSI>65|nostop,2005,6
3|5|RSI>65|nostop,2006,9
3|5|RSI>65|nostop,2007,18
3|5|RSI>65|nostop,2009,3
3|5|RSI>65|nostop,2010,6
3|5|RSI>65|nostop,2011,5
3|5|RSI>65|nostop,2012,14
3|5|RSI>65|2xATR,1991,1
3|5|RSI>65|2xATR,1992,3
3|5|RSI>65|2xATR,1993,1
3|5|RSI>65|2xATR,1995,2
3|5|RSI>65|2xATR,1996,2
3|5|RSI>65|2xATR,1997,3
3|5|RSI>65|2xATR,1998,6
3|5|RSI>65|2xATR,1999,5
3|5|RSI>65|2xATR,2000,2
3|5|RSI>65|2xATR,2003,4
3|5|RSI>65|2xATR,2004,5
3|5|RSI>65|2xATR,2005,6
3|5|RSI>65|2xATR,2006,9
3|5|RSI>65|2xATR,2007,18
3|5|RSI>65|2xATR,2009,3
3|5|RSI>65|2xATR,2010,6
3|5|RSI>65|2xATR,2011,5
3|5|RSI>65|2xATR,2012,14
3|5|RSI>70|nostop,1991,1
3|5|RSI>70|nostop,1992,3
3|5|RSI>70|nostop,1993,1
3|5|RSI>70|nostop,1995,2
3|5|RSI>70|nostop,1996,2
3|5|RSI>70|nostop,1997,3
3|5|RSI>70|nostop,1998,6
3|5|RSI>70|nostop,1999,5
3|5|RSI>70|nostop,2000,2
3|5|RSI>70|nostop,2003,4
3|5|RSI>70|nostop,2004,5
3|5|RSI>70|nostop,2005,6
3|5|RSI>70|nostop,2006,9
3|5|RSI>70|nostop,2007,18
3|5|RSI>70|nostop,2009,3
3|5|RSI>70|nostop,2010,6
3|5|RSI>70|nostop,2011,5
3|5|RSI>70|nostop,2012,14
3|5|RSI>70|2xATR,1991,1
3|5|RSI>70|2xATR,1992,3
3|5|RSI>70|2xATR,1993,1
3|5|RSI>70|2xATR,1995,2
3|5|RSI>70|2xATR,1996,2
3|5|RSI>70|2xATR,1997,3
3|5|RSI>70|2xATR,1998,6
3|5|RSI>70|2xATR,1999,5
3|5|RSI>70|2xATR,2000,2
3|5|RSI>70|2xATR,2003,4
3|5|RSI>70|2xATR,2004,5
3|5|RSI>70|2xATR,2005,6
3|5|RSI>70|2xATR,2006,9
3|5|RSI>70|2xATR,2007,18
3|5|RSI>70|2xATR,2009,3
3|5|RSI>70|2xATR,2010,6
3|5|RSI>70|2xATR,2011,5
3|5|RSI>70|2xATR,2012,14
3|5|time5d|nostop,1991,1
3|5|time5d|nostop,1992,3
3|5|time5d|nostop,1993,1
3|5|time5d|nostop,1995,2
3|5|time5d|nostop,1996,2
3|5|time5d|nostop,1997,3
3|5|time5d|nostop,1998,6
3|5|time5d|nostop,1999,5
3|5|time5d|nostop,2000,2
3|5|time5d|nostop,2003,4
3|5|time5d|nostop,2004,5
3|5|time5d|nostop,2005,6
3|5|time5d|nostop,2006,9
3|5|time5d|nostop,2007,18
3|5|time5d|nostop,2009,3
3|5|time5d|nostop,2010,6
3|5|time5d|nostop,2011,5
3|5|time5d|nostop,2012,14
3|5|time5d|2xATR,1991,1
3|5|time5d|2xATR,1992,3
3|5|time5d|2xATR,1993,1
3|5|time5d|2xATR,1995,2
3|5|time5d|2xATR,1996,2
3|5|time5d|2xATR,1997,3
3|5|time5d|2xATR,1998,6
3|5|time5d|2xATR,1999,5
3|5|time5d|2xATR,2000,2
3|5|time5d|2xATR,2003,4
3|5|time5d|2xATR,2004,5
3|5|time5d|2xATR,2005,6
3|5|time5d|2xATR,2006,9
3|5|time5d|2xATR,2007,18
3|5|time5d|2xATR,2009,3
3|5|time5d|2xATR,2010,6
3|5|time5d|2xATR,2011,5
3|5|time5d|2xATR,2012,14
3|10|close>5SMA|nostop,1983,3
3|10|close>5SMA|nostop,1985,2
3|10|close>5SMA|nostop,1986,1
3|10|close>5SMA|nostop,1987,2
3|10|close>5SMA|nostop,1988,1
3|10|close>5SMA|nostop,1989,3
3|10|close>5SMA|nostop,1990,2
3|10|close>5SMA|nostop,1991,4
3|10|close>5SMA|nostop,1992,4
3|10|close>5SMA|nostop,1993,6
3|10|close>5SMA|nostop,1994,1
3|10|close>5SMA|nostop,1995,12
3|10|close>5SMA|nostop,1996,13
3|10|close>5SMA|nostop,1997,21
3|10|close>5SMA|nostop,1998,28
3|10|close>5SMA|nostop,1999,35
3|10|close>5SMA|nostop,2000,24
3|10|close>5SMA|nostop,2002,2
3|10|close>5SMA|nostop,2003,49
3|10|close>5SMA|nostop,2004,51
3|10|close>5SMA|nostop,2005,93
3|10|close>5SMA|nostop,2006,82
3|10|close>5SMA|nostop,2007,99
3|10|close>5SMA|nostop,2009,37
3|10|close>5SMA|nostop,2010,57
3|10|close>5SMA|nostop,2011,88
3|10|close>5SMA|nostop,2012,108
3|10|close>5SMA|2xATR,1983,3
3|10|close>5SMA|2xATR,1985,2
3|10|close>5SMA|2xATR,1986,1
3|10|close>5SMA|2xATR,1987,2
3|10|close>5SMA|2xATR,1988,1
3|10|close>5SMA|2xATR,1989,3
3|10|close>5SMA|2xATR,1990,2
3|10|close>5SMA|2xATR,1991,4
3|10|close>5SMA|2xATR,1992,5
3|10|close>5SMA|2xATR,1993,6
3|10|close>5SMA|2xATR,1994,1
3|10|close>5SMA|2xATR,1995,12
3|10|close>5SMA|2xATR,1996,13
3|10|close>5SMA|2xATR,1997,21
3|10|close>5SMA|2xATR,1998,28
3|10|close>5SMA|2xATR,1999,35
3|10|close>5SMA|2xATR,2000,24
3|10|close>5SMA|2xATR,2002,2
3|10|close>5SMA|2xATR,2003,49
3|10|close>5SMA|2xATR,2004,51
3|10|close>5SMA|2xATR,2005,93
3|10|close>5SMA|2xATR,2006,83
3|10|close>5SMA|2xATR,2007,99
3|10|close>5SMA|2xATR,2009,37
3|10|close>5SMA|2xATR,2010,58
3|10|close>5SMA|2xATR,2011,88
3|10|close>5SMA|2xATR,2012,108
3|10|RSI>65|nostop,1983,3
3|10|RSI>65|nostop,1985,2
3|10|RSI>65|nostop,1986,1
3|10|RSI>65|nostop,1987,2
3|10|RSI>65|nostop,1988,1
3|10|RSI>65|nostop,1989,3
3|10|RSI>65|nostop,1990,2
3|10|RSI>65|nostop,1991,4
3|10|RSI>65|nostop,1992,4
3|10|RSI>65|nostop,1993,6
3|10|RSI>65|nostop,1994,1
3|10|RSI>65|nostop,1995,12
3|10|RSI>65|nostop,1996,13
3|10|RSI>65|nostop,1997,21
3|10|RSI>65|nostop,1998,28
3|10|RSI>65|nostop,1999,35
3|10|RSI>65|nostop,2000,24
3|10|RSI>65|nostop,2002,2
3|10|RSI>65|nostop,2003,49
3|10|RSI>65|nostop,2004,51
3|10|RSI>65|nostop,2005,92
3|10|RSI>65|nostop,2006,82
3|10|RSI>65|nostop,2007,97
3|10|RSI>65|nostop,2009,37
3|10|RSI>65|nostop,2010,57
3|10|RSI>65|nostop,2011,87
3|10|RSI>65|nostop,2012,108
3|10|RSI>65|2xATR,1983,3
3|10|RSI>65|2xATR,1985,2
3|10|RSI>65|2xATR,1986,1
3|10|RSI>65|2xATR,1987,2
3|10|RSI>65|2xATR,1988,1
3|10|RSI>65|2xATR,1989,3
3|10|RSI>65|2xATR,1990,2
3|10|RSI>65|2xATR,1991,4
3|10|RSI>65|2xATR,1992,5
3|10|RSI>65|2xATR,1993,6
3|10|RSI>65|2xATR,1994,1
3|10|RSI>65|2xATR,1995,12
3|10|RSI>65|2xATR,1996,13
3|10|RSI>65|2xATR,1997,21
3|10|RSI>65|2xATR,1998,28
3|10|RSI>65|2xATR,1999,35
3|10|RSI>65|2xATR,2000,24
3|10|RSI>65|2xATR,2002,2
3|10|RSI>65|2xATR,2003,49
3|10|RSI>65|2xATR,2004,51
3|10|RSI>65|2xATR,2005,92
3|10|RSI>65|2xATR,2006,83
3|10|RSI>65|2xATR,2007,97
3|10|RSI>65|2xATR,2009,37
3|10|RSI>65|2xATR,2010,58
3|10|RSI>65|2xATR,2011,87
3|10|RSI>65|2xATR,2012,108
3|10|RSI>70|nostop,1983,3
3|10|RSI>70|nostop,1985,2
3|10|RSI>70|nostop,1986,1
3|10|RSI>70|nostop,1987,2
3|10|RSI>70|nostop,1988,1
3|10|RSI>70|nostop,1989,3
3|10|RSI>70|nostop,1990,2
3|10|RSI>70|nostop,1991,4
3|10|RSI>70|nostop,1992,4
3|10|RSI>70|nostop,1993,6
3|10|RSI>70|nostop,1994,1
3|10|RSI>70|nostop,1995,12
3|10|RSI>70|nostop,1996,13
3|10|RSI>70|nostop,1997,21
3|10|RSI>70|nostop,1998,28
3|10|RSI>70|nostop,1999,35
3|10|RSI>70|nostop,2000,24
3|10|RSI>70|nostop,2002,2
3|10|RSI>70|nostop,2003,49
3|10|RSI>70|nostop,2004,51
3|10|RSI>70|nostop,2005,92
3|10|RSI>70|nostop,2006,82
3|10|RSI>70|nostop,2007,97
3|10|RSI>70|nostop,2009,37
3|10|RSI>70|nostop,2010,57
3|10|RSI>70|nostop,2011,86
3|10|RSI>70|nostop,2012,108
3|10|RSI>70|2xATR,1983,3
3|10|RSI>70|2xATR,1985,2
3|10|RSI>70|2xATR,1986,1
3|10|RSI>70|2xATR,1987,2
3|10|RSI>70|2xATR,1988,1
3|10|RSI>70|2xATR,1989,3
3|10|RSI>70|2xATR,1990,2
3|10|RSI>70|2xATR,1991,4
3|10|RSI>70|2xATR,1992,5
3|10|RSI>70|2xATR,1993,6
3|10|RSI>70|2xATR,1994,1
3|10|RSI>70|2xATR,1995,12
3|10|RSI>70|2xATR,1996,13
3|10|RSI>70|2xATR,1997,21
3|10|RSI>70|2xATR,1998,28
3|10|RSI>70|2xATR,1999,35
3|10|RSI>70|2xATR,2000,24
3|10|RSI>70|2xATR,2002,2
3|10|RSI>70|2xATR,2003,49
3|10|RSI>70|2xATR,2004,51
3|10|RSI>70|2xATR,2005,92
3|10|RSI>70|2xATR,2006,83
3|10|RSI>70|2xATR,2007,97
3|10|RSI>70|2xATR,2009,37
3|10|RSI>70|2xATR,2010,58
3|10|RSI>70|2xATR,2011,86
3|10|RSI>70|2xATR,2012,108
3|10|time5d|nostop,1983,3
3|10|time5d|nostop,1985,2
3|10|time5d|nostop,1986,1
3|10|time5d|nostop,1987,2
3|10|time5d|nostop,1988,1
3|10|time5d|nostop,1989,3
3|10|time5d|nostop,1990,2
3|10|time5d|nostop,1991,4
3|10|time5d|nostop,1992,4
3|10|time5d|nostop,1993,6
3|10|time5d|nostop,1994,1
3|10|time5d|nostop,1995,12
3|10|time5d|nostop,1996,13
3|10|time5d|nostop,1997,21
3|10|time5d|nostop,1998,28
3|10|time5d|nostop,1999,35
3|10|time5d|nostop,2000,24
3|10|time5d|nostop,2002,2
3|10|time5d|nostop,2003,49
3|10|time5d|nostop,2004,51
3|10|time5d|nostop,2005,93
3|10|time5d|nostop,2006,83
3|10|time5d|nostop,2007,99
3|10|time5d|nostop,2009,37
3|10|time5d|nostop,2010,57
3|10|time5d|nostop,2011,88
3|10|time5d|nostop,2012,108
3|10|time5d|2xATR,1983,3
3|10|time5d|2xATR,1985,2
3|10|time5d|2xATR,1986,1
3|10|time5d|2xATR,1987,2
3|10|time5d|2xATR,1988,1
3|10|time5d|2xATR,1989,3
3|10|time5d|2xATR,1990,2
3|10|time5d|2xATR,1991,4
3|10|time5d|2xATR,1992,5
3|10|time5d|2xATR,1993,6
3|10|time5d|2xATR,1994,1
3|10|time5d|2xATR,1995,12
3|10|time5d|2xATR,1996,13
3|10|time5d|2xATR,1997,21
3|10|time5d|2xATR,1998,28
3|10|time5d|2xATR,1999,35
3|10|time5d|2xATR,2000,24
3|10|time5d|2xATR,2002,2
3|10|time5d|2xATR,2003,49
3|10|time5d|2xATR,2004,51
3|10|time5d|2xATR,2005,93
3|10|time5d|2xATR,2006,83
3|10|time5d|2xATR,2007,99
3|10|time5d|2xATR,2009,37
3|10|time5d|2xATR,2010,58
3|10|time5d|2xATR,2011,88
3|10|time5d|2xATR,2012,108
3|15|close>5SMA|nostop,1982,1
3|15|close>5SMA|nostop,1983,5
3|15|close>5SMA|nostop,1985,2
3|15|close>5SMA|nostop,1986,1
3|15|close>5SMA|nostop,1987,6
3|15|close>5SMA|nostop,1988,1
3|15|close>5SMA|nostop,1989,8
3|15|close>5SMA|nostop,1990,3
3|15|close>5SMA|nostop,1991,8
3|15|close>5SMA|nostop,1992,9
3|15|close>5SMA|nostop,1993,14
3|15|close>5SMA|nostop,1994,6
3|15|close>5SMA|nostop,1995,31
3|15|close>5SMA|nostop,1996,43
3|15|close>5SMA|nostop,1997,62
3|15|close>5SMA|nostop,1998,67
3|15|close>5SMA|nostop,1999,86
3|15|close>5SMA|nostop,2000,67
3|15|close>5SMA|nostop,2002,10
3|15|close>5SMA|nostop,2003,107
3|15|close>5SMA|nostop,2004,147
3|15|close>5SMA|nostop,2005,228
3|15|close>5SMA|nostop,2006,182
3|15|close>5SMA|nostop,2007,229
3|15|close>5SMA|nostop,2009,124
3|15|close>5SMA|nostop,2010,163
3|15|close>5SMA|nostop,2011,223
3|15|close>5SMA|nostop,2012,268
3|15|close>5SMA|2xATR,1982,1
3|15|close>5SMA|2xATR,1983,5
3|15|close>5SMA|2xATR,1985,2
3|15|close>5SMA|2xATR,1986,1
3|15|close>5SMA|2xATR,1987,6
3|15|close>5SMA|2xATR,1988,1
3|15|close>5SMA|2xATR,1989,8
3|15|close>5SMA|2xATR,1990,3
3|15|close>5SMA|2xATR,1991,8
3|15|close>5SMA|2xATR,1992,10
3|15|close>5SMA|2xATR,1993,15
3|15|close>5SMA|2xATR,1994,6
3|15|close>5SMA|2xATR,1995,31
3|15|close>5SMA|2xATR,1996,45
3|15|close>5SMA|2xATR,1997,63
3|15|close>5SMA|2xATR,1998,67
3|15|close>5SMA|2xATR,1999,86
3|15|close>5SMA|2xATR,2000,67
3|15|close>5SMA|2xATR,2002,10
3|15|close>5SMA|2xATR,2003,107
3|15|close>5SMA|2xATR,2004,147
3|15|close>5SMA|2xATR,2005,229
3|15|close>5SMA|2xATR,2006,183
3|15|close>5SMA|2xATR,2007,230
3|15|close>5SMA|2xATR,2009,124
3|15|close>5SMA|2xATR,2010,164
3|15|close>5SMA|2xATR,2011,224
3|15|close>5SMA|2xATR,2012,270
3|15|RSI>65|nostop,1982,1
3|15|RSI>65|nostop,1983,5
3|15|RSI>65|nostop,1985,2
3|15|RSI>65|nostop,1986,1
3|15|RSI>65|nostop,1987,6
3|15|RSI>65|nostop,1988,1
3|15|RSI>65|nostop,1989,8
3|15|RSI>65|nostop,1990,3
3|15|RSI>65|nostop,1991,8
3|15|RSI>65|nostop,1992,9
3|15|RSI>65|nostop,1993,14
3|15|RSI>65|nostop,1994,6
3|15|RSI>65|nostop,1995,30
3|15|RSI>65|nostop,1996,43
3|15|RSI>65|nostop,1997,62
3|15|RSI>65|nostop,1998,67
3|15|RSI>65|nostop,1999,84
3|15|RSI>65|nostop,2000,66
3|15|RSI>65|nostop,2002,10
3|15|RSI>65|nostop,2003,107
3|15|RSI>65|nostop,2004,144
3|15|RSI>65|nostop,2005,223
3|15|RSI>65|nostop,2006,179
3|15|RSI>65|nostop,2007,226
3|15|RSI>65|nostop,2009,124
3|15|RSI>65|nostop,2010,160
3|15|RSI>65|nostop,2011,218
3|15|RSI>65|nostop,2012,266
3|15|RSI>65|2xATR,1982,1
3|15|RSI>65|2xATR,1983,5
3|15|RSI>65|2xATR,1985,2
3|15|RSI>65|2xATR,1986,1
3|15|RSI>65|2xATR,1987,6
3|15|RSI>65|2xATR,1988,1
3|15|RSI>65|2xATR,1989,8
3|15|RSI>65|2xATR,1990,3
3|15|RSI>65|2xATR,1991,8
3|15|RSI>65|2xATR,1992,10
3|15|RSI>65|2xATR,1993,15
3|15|RSI>65|2xATR,1994,6
3|15|RSI>65|2xATR,1995,30
3|15|RSI>65|2xATR,1996,45
3|15|RSI>65|2xATR,1997,63
3|15|RSI>65|2xATR,1998,67
3|15|RSI>65|2xATR,1999,84
3|15|RSI>65|2xATR,2000,66
3|15|RSI>65|2xATR,2002,10
3|15|RSI>65|2xATR,2003,107
3|15|RSI>65|2xATR,2004,145
3|15|RSI>65|2xATR,2005,225
3|15|RSI>65|2xATR,2006,180
3|15|RSI>65|2xATR,2007,227
3|15|RSI>65|2xATR,2009,124
3|15|RSI>65|2xATR,2010,161
3|15|RSI>65|2xATR,2011,219
3|15|RSI>65|2xATR,2012,268
3|15|RSI>70|nostop,1982,1
3|15|RSI>70|nostop,1983,5
3|15|RSI>70|nostop,1985,2
3|15|RSI>70|nostop,1986,1
3|15|RSI>70|nostop,1987,6
3|15|RSI>70|nostop,1988,1
3|15|RSI>70|nostop,1989,8
3|15|RSI>70|nostop,1990,3
3|15|RSI>70|nostop,1991,8
3|15|RSI>70|nostop,1992,9
3|15|RSI>70|nostop,1993,14
3|15|RSI>70|nostop,1994,6
3|15|RSI>70|nostop,1995,29
3|15|RSI>70|nostop,1996,43
3|15|RSI>70|nostop,1997,62
3|15|RSI>70|nostop,1998,66
3|15|RSI>70|nostop,1999,84
3|15|RSI>70|nostop,2000,65
3|15|RSI>70|nostop,2002,10
3|15|RSI>70|nostop,2003,107
3|15|RSI>70|nostop,2004,144
3|15|RSI>70|nostop,2005,219
3|15|RSI>70|nostop,2006,179
3|15|RSI>70|nostop,2007,223
3|15|RSI>70|nostop,2009,124
3|15|RSI>70|nostop,2010,160
3|15|RSI>70|nostop,2011,215
3|15|RSI>70|nostop,2012,266
3|15|RSI>70|2xATR,1982,1
3|15|RSI>70|2xATR,1983,5
3|15|RSI>70|2xATR,1985,2
3|15|RSI>70|2xATR,1986,1
3|15|RSI>70|2xATR,1987,6
3|15|RSI>70|2xATR,1988,1
3|15|RSI>70|2xATR,1989,8
3|15|RSI>70|2xATR,1990,3
3|15|RSI>70|2xATR,1991,8
3|15|RSI>70|2xATR,1992,10
3|15|RSI>70|2xATR,1993,15
3|15|RSI>70|2xATR,1994,6
3|15|RSI>70|2xATR,1995,29
3|15|RSI>70|2xATR,1996,45
3|15|RSI>70|2xATR,1997,63
3|15|RSI>70|2xATR,1998,66
3|15|RSI>70|2xATR,1999,84
3|15|RSI>70|2xATR,2000,65
3|15|RSI>70|2xATR,2002,10
3|15|RSI>70|2xATR,2003,107
3|15|RSI>70|2xATR,2004,145
3|15|RSI>70|2xATR,2005,221
3|15|RSI>70|2xATR,2006,180
3|15|RSI>70|2xATR,2007,224
3|15|RSI>70|2xATR,2009,124
3|15|RSI>70|2xATR,2010,161
3|15|RSI>70|2xATR,2011,216
3|15|RSI>70|2xATR,2012,268
3|15|time5d|nostop,1982,1
3|15|time5d|nostop,1983,5
3|15|time5d|nostop,1985,2
3|15|time5d|nostop,1986,1
3|15|time5d|nostop,1987,6
3|15|time5d|nostop,1988,1
3|15|time5d|nostop,1989,8
3|15|time5d|nostop,1990,3
3|15|time5d|nostop,1991,8
3|15|time5d|nostop,1992,10
3|15|time5d|nostop,1993,14
3|15|time5d|nostop,1994,6
3|15|time5d|nostop,1995,31
3|15|time5d|nostop,1996,44
3|15|time5d|nostop,1997,62
3|15|time5d|nostop,1998,67
3|15|time5d|nostop,1999,86
3|15|time5d|nostop,2000,66
3|15|time5d|nostop,2002,10
3|15|time5d|nostop,2003,107
3|15|time5d|nostop,2004,147
3|15|time5d|nostop,2005,224
3|15|time5d|nostop,2006,182
3|15|time5d|nostop,2007,229
3|15|time5d|nostop,2009,124
3|15|time5d|nostop,2010,162
3|15|time5d|nostop,2011,221
3|15|time5d|nostop,2012,271
3|15|time5d|2xATR,1982,1
3|15|time5d|2xATR,1983,5
3|15|time5d|2xATR,1985,2
3|15|time5d|2xATR,1986,1
3|15|time5d|2xATR,1987,6
3|15|time5d|2xATR,1988,1
3|15|time5d|2xATR,1989,8
3|15|time5d|2xATR,1990,3
3|15|time5d|2xATR,1991,8
3|15|time5d|2xATR,1992,10
3|15|time5d|2xATR,1993,15
3|15|time5d|2xATR,1994,6
3|15|time5d|2xATR,1995,31
3|15|time5d|2xATR,1996,45
3|15|time5d|2xATR,1997,63
3|15|time5d|2xATR,1998,67
3|15|time5d|2xATR,1999,86
3|15|time5d|2xATR,2000,66
3|15|time5d|2xATR,2002,10
3|15|time5d|2xATR,2003,107
3|15|time5d|2xATR,2004,147
3|15|time5d|2xATR,2005,225
3|15|time5d|2xATR,2006,182
3|15|time5d|2xATR,2007,230
3|15|time5d|2xATR,2009,124
3|15|time5d|2xATR,2010,163
3|15|time5d|2xATR,2011,222
3|15|time5d|2xATR,2012,273
3|20|close>5SMA|nostop,1982,2
3|20|close>5SMA|nostop,1983,5
3|20|close>5SMA|nostop,1985,3
3|20|close>5SMA|nostop,1986,1
3|20|close>5SMA|nostop,1987,11
3|20|close>5SMA|nostop,1988,1
3|20|close>5SMA|nostop,1989,10
3|20|close>5SMA|nostop,1990,4
3|20|close>5SMA|nostop,1991,12
3|20|close>5SMA|nostop,1992,16
3|20|close>5SMA|nostop,1993,25
3|20|close>5SMA|nostop,1994,15
3|20|close>5SMA|nostop,1995,52
3|20|close>5SMA|nostop,1996,82
3|20|close>5SMA|nostop,1997,127
3|20|close>5SMA|nostop,1998,124
3|20|close>5SMA|nostop,1999,151
3|20|close>5SMA|nostop,2000,122
3|20|close>5SMA|nostop,2002,16
3|20|close>5SMA|nostop,2003,212
3|20|close>5SMA|nostop,2004,267
3|20|close>5SMA|nostop,2005,389
3|20|close>5SMA|nostop,2006,338
3|20|close>5SMA|nostop,2007,395
3|20|close>5SMA|nostop,2009,248
3|20|close>5SMA|nostop,2010,326
3|20|close>5SMA|nostop,2011,400
3|20|close>5SMA|nostop,2012,508
3|20|close>5SMA|2xATR,1982,2
3|20|close>5SMA|2xATR,1983,5
3|20|close>5SMA|2xATR,1985,3
3|20|close>5SMA|2xATR,1986,1
3|20|close>5SMA|2xATR,1987,11
3|20|close>5SMA|2xATR,1988,2
3|20|close>5SMA|2xATR,1989,11
3|20|close>5SMA|2xATR,1990,4
3|20|close>5SMA|2xATR,1991,13
3|20|close>5SMA|2xATR,1992,17
3|20|close>5SMA|2xATR,1993,26
3|20|close>5SMA|2xATR,1994,15
3|20|close>5SMA|2xATR,1995,52
3|20|close>5SMA|2xATR,1996,84
3|20|close>5SMA|2xATR,1997,130
3|20|close>5SMA|2xATR,1998,129
3|20|close>5SMA|2xATR,1999,152
3|20|close>5SMA|2xATR,2000,122
3|20|close>5SMA|2xATR,2002,16
3|20|close>5SMA|2xATR,2003,214
3|20|close>5SMA|2xATR,2004,269
3|20|close>5SMA|2xATR,2005,391
3|20|close>5SMA|2xATR,2006,340
3|20|close>5SMA|2xATR,2007,406
3|20|close>5SMA|2xATR,2009,248
3|20|close>5SMA|2xATR,2010,330
3|20|close>5SMA|2xATR,2011,402
3|20|close>5SMA|2xATR,2012,515
3|20|RSI>65|nostop,1982,2
3|20|RSI>65|nostop,1983,5
3|20|RSI>65|nostop,1985,3
3|20|RSI>65|nostop,1986,1
3|20|RSI>65|nostop,1987,11
3|20|RSI>65|nostop,1988,1
3|20|RSI>65|nostop,1989,9
3|20|RSI>65|nostop,1990,4
3|20|RSI>65|nostop,1991,12
3|20|RSI>65|nostop,1992,15
3|20|RSI>65|nostop,1993,25
3|20|RSI>65|nostop,1994,15
3|20|RSI>65|nostop,1995,49
3|20|RSI>65|nostop,1996,79
3|20|RSI>65|nostop,1997,125
3|20|RSI>65|nostop,1998,118
3|20|RSI>65|nostop,1999,145
3|20|RSI>65|nostop,2000,121
3|20|RSI>65|nostop,2002,15
3|20|RSI>65|nostop,2003,209
3|20|RSI>65|nostop,2004,261
3|20|RSI>65|nostop,2005,365
3|20|RSI>65|nostop,2006,328
3|20|RSI>65|nostop,2007,384
3|20|RSI>65|nostop,2009,238
3|20|RSI>65|nostop,2010,313
3|20|RSI>65|nostop,2011,378
3|20|RSI>65|nostop,2012,491
3|20|RSI>65|2xATR,1982,2
3|20|RSI>65|2xATR,1983,5
3|20|RSI>65|2xATR,1985,3
3|20|RSI>65|2xATR,1986,1
3|20|RSI>65|2xATR,1987,11
3|20|RSI>65|2xATR,1988,2
3|20|RSI>65|2xATR,1989,10
3|20|RSI>65|2xATR,1990,4
3|20|RSI>65|2xATR,1991,13
3|20|RSI>65|2xATR,1992,16
3|20|RSI>65|2xATR,1993,26
3|20|RSI>65|2xATR,1994,15
3|20|RSI>65|2xATR,1995,50
3|20|RSI>65|2xATR,1996,81
3|20|RSI>65|2xATR,1997,129
3|20|RSI>65|2xATR,1998,125
3|20|RSI>65|2xATR,1999,146
3|20|RSI>65|2xATR,2000,121
3|20|RSI>65|2xATR,2002,15
3|20|RSI>65|2xATR,2003,211
3|20|RSI>65|2xATR,2004,264
3|20|RSI>65|2xATR,2005,368
3|20|RSI>65|2xATR,2006,330
3|20|RSI>65|2xATR,2007,396
3|20|RSI>65|2xATR,2009,238
3|20|RSI>65|2xATR,2010,317
3|20|RSI>65|2xATR,2011,380
3|20|RSI>65|2xATR,2012,499
3|20|RSI>70|nostop,1982,2
3|20|RSI>70|nostop,1983,5
3|20|RSI>70|nostop,1985,3
3|20|RSI>70|nostop,1986,1
3|20|RSI>70|nostop,1987,11
3|20|RSI>70|nostop,1988,1
3|20|RSI>70|nostop,1989,9
3|20|RSI>70|nostop,1990,4
3|20|RSI>70|nostop,1991,12
3|20|RSI>70|nostop,1992,15
3|20|RSI>70|nostop,1993,25
3|20|RSI>70|nostop,1994,14
3|20|RSI>70|nostop,1995,47
3|20|RSI>70|nostop,1996,79
3|20|RSI>70|nostop,1997,123
3|20|RSI>70|nostop,1998,115
3|20|RSI>70|nostop,1999,143
3|20|RSI>70|nostop,2000,119
3|20|RSI>70|nostop,2002,15
3|20|RSI>70|nostop,2003,206
3|20|RSI>70|nostop,2004,259
3|20|RSI>70|nostop,2005,357
3|20|RSI>70|nostop,2006,327
3|20|RSI>70|nostop,2007,377
3|20|RSI>70|nostop,2009,234
3|20|RSI>70|nostop,2010,308
3|20|RSI>70|nostop,2011,372
3|20|RSI>70|nostop,2012,487
3|20|RSI>70|2xATR,1982,2
3|20|RSI>70|2xATR,1983,5
3|20|RSI>70|2xATR,1985,3
3|20|RSI>70|2xATR,1986,1
3|20|RSI>70|2xATR,1987,11
3|20|RSI>70|2xATR,1988,2
3|20|RSI>70|2xATR,1989,10
3|20|RSI>70|2xATR,1990,4
3|20|RSI>70|2xATR,1991,13
3|20|RSI>70|2xATR,1992,16
3|20|RSI>70|2xATR,1993,26
3|20|RSI>70|2xATR,1994,14
3|20|RSI>70|2xATR,1995,48
3|20|RSI>70|2xATR,1996,81
3|20|RSI>70|2xATR,1997,127
3|20|RSI>70|2xATR,1998,122
3|20|RSI>70|2xATR,1999,144
3|20|RSI>70|2xATR,2000,119
3|20|RSI>70|2xATR,2002,15
3|20|RSI>70|2xATR,2003,208
3|20|RSI>70|2xATR,2004,262
3|20|RSI>70|2xATR,2005,360
3|20|RSI>70|2xATR,2006,329
3|20|RSI>70|2xATR,2007,390
3|20|RSI>70|2xATR,2009,234
3|20|RSI>70|2xATR,2010,312
3|20|RSI>70|2xATR,2011,374
3|20|RSI>70|2xATR,2012,495
3|20|time5d|nostop,1982,2
3|20|time5d|nostop,1983,5
3|20|time5d|nostop,1985,3
3|20|time5d|nostop,1986,1
3|20|time5d|nostop,1987,11
3|20|time5d|nostop,1988,2
3|20|time5d|nostop,1989,10
3|20|time5d|nostop,1990,4
3|20|time5d|nostop,1991,13
3|20|time5d|nostop,1992,17
3|20|time5d|nostop,1993,25
3|20|time5d|nostop,1994,15
3|20|time5d|nostop,1995,51
3|20|time5d|nostop,1996,82
3|20|time5d|nostop,1997,126
3|20|time5d|nostop,1998,121
3|20|time5d|nostop,1999,148
3|20|time5d|nostop,2000,122
3|20|time5d|nostop,2002,15
3|20|time5d|nostop,2003,212
3|20|time5d|nostop,2004,269
3|20|time5d|nostop,2005,382
3|20|time5d|nostop,2006,336
3|20|time5d|nostop,2007,396
3|20|time5d|nostop,2009,238
3|20|time5d|nostop,2010,323
3|20|time5d|nostop,2011,395
3|20|time5d|nostop,2012,504
3|20|time5d|2xATR,1982,2
3|20|time5d|2xATR,1983,5
3|20|time5d|2xATR,1985,3
3|20|time5d|2xATR,1986,1
3|20|time5d|2xATR,1987,11
3|20|time5d|2xATR,1988,2
3|20|time5d|2xATR,1989,11
3|20|time5d|2xATR,1990,4
3|20|time5d|2xATR,1991,13
3|20|time5d|2xATR,1992,17
3|20|time5d|2xATR,1993,26
3|20|time5d|2xATR,1994,15
3|20|time5d|2xATR,1995,51
3|20|time5d|2xATR,1996,83
3|20|time5d|2xATR,1997,129
3|20|time5d|2xATR,1998,126
3|20|time5d|2xATR,1999,149
3|20|time5d|2xATR,2000,122
3|20|time5d|2xATR,2002,15
3|20|time5d|2xATR,2003,213
3|20|time5d|2xATR,2004,271
3|20|time5d|2xATR,2005,384
3|20|time5d|2xATR,2006,337
3|20|time5d|2xATR,2007,405
3|20|time5d|2xATR,2009,238
3|20|time5d|2xATR,2010,326
3|20|time5d|2xATR,2011,396
3|20|time5d|2xATR,2012,511
4|5|close>5SMA|nostop,1992,1
4|5|close>5SMA|nostop,2010,2
4|5|close>5SMA|2xATR,1992,1
4|5|close>5SMA|2xATR,2010,2
4|5|RSI>65|nostop,1992,1
4|5|RSI>65|nostop,2010,2
4|5|RSI>65|2xATR,1992,1
4|5|RSI>65|2xATR,2010,2
4|5|RSI>70|nostop,1992,1
4|5|RSI>70|nostop,2010,2
4|5|RSI>70|2xATR,1992,1
4|5|RSI>70|2xATR,2010,2
4|5|time5d|nostop,1992,1
4|5|time5d|nostop,2010,2
4|5|time5d|2xATR,1992,1
4|5|time5d|2xATR,2010,2
4|10|close>5SMA|nostop,1991,1
4|10|close>5SMA|nostop,1992,3
4|10|close>5SMA|nostop,1995,1
4|10|close>5SMA|nostop,1996,1
4|10|close>5SMA|nostop,1997,3
4|10|close>5SMA|nostop,1998,6
4|10|close>5SMA|nostop,1999,3
4|10|close>5SMA|nostop,2000,2
4|10|close>5SMA|nostop,2003,3
4|10|close>5SMA|nostop,2004,4
4|10|close>5SMA|nostop,2005,6
4|10|close>5SMA|nostop,2006,9
4|10|close>5SMA|nostop,2007,17
4|10|close>5SMA|nostop,2009,2
4|10|close>5SMA|nostop,2010,6
4|10|close>5SMA|nostop,2011,2
4|10|close>5SMA|nostop,2012,11
4|10|close>5SMA|2xATR,1991,1
4|10|close>5SMA|2xATR,1992,3
4|10|close>5SMA|2xATR,1995,1
4|10|close>5SMA|2xATR,1996,1
4|10|close>5SMA|2xATR,1997,3
4|10|close>5SMA|2xATR,1998,6
4|10|close>5SMA|2xATR,1999,3
4|10|close>5SMA|2xATR,2000,2
4|10|close>5SMA|2xATR,2003,3
4|10|close>5SMA|2xATR,2004,4
4|10|close>5SMA|2xATR,2005,6
4|10|close>5SMA|2xATR,2006,9
4|10|close>5SMA|2xATR,2007,17
4|10|close>5SMA|2xATR,2009,2
4|10|close>5SMA|2xATR,2010,6
4|10|close>5SMA|2xATR,2011,2
4|10|close>5SMA|2xATR,2012,11
4|10|RSI>65|nostop,1991,1
4|10|RSI>65|nostop,1992,3
4|10|RSI>65|nostop,1995,1
4|10|RSI>65|nostop,1996,1
4|10|RSI>65|nostop,1997,3
4|10|RSI>65|nostop,1998,6
4|10|RSI>65|nostop,1999,3
4|10|RSI>65|nostop,2000,2
4|10|RSI>65|nostop,2003,3
4|10|RSI>65|nostop,2004,4
4|10|RSI>65|nostop,2005,6
4|10|RSI>65|nostop,2006,9
4|10|RSI>65|nostop,2007,17
4|10|RSI>65|nostop,2009,2
4|10|RSI>65|nostop,2010,6
4|10|RSI>65|nostop,2011,2
4|10|RSI>65|nostop,2012,11
4|10|RSI>65|2xATR,1991,1
4|10|RSI>65|2xATR,1992,3
4|10|RSI>65|2xATR,1995,1
4|10|RSI>65|2xATR,1996,1
4|10|RSI>65|2xATR,1997,3
4|10|RSI>65|2xATR,1998,6
4|10|RSI>65|2xATR,1999,3
4|10|RSI>65|2xATR,2000,2
4|10|RSI>65|2xATR,2003,3
4|10|RSI>65|2xATR,2004,4
4|10|RSI>65|2xATR,2005,6
4|10|RSI>65|2xATR,2006,9
4|10|RSI>65|2xATR,2007,17
4|10|RSI>65|2xATR,2009,2
4|10|RSI>65|2xATR,2010,6
4|10|RSI>65|2xATR,2011,2
4|10|RSI>65|2xATR,2012,11
4|10|RSI>70|nostop,1991,1
4|10|RSI>70|nostop,1992,3
4|10|RSI>70|nostop,1995,1
4|10|RSI>70|nostop,1996,1
4|10|RSI>70|nostop,1997,3
4|10|RSI>70|nostop,1998,6
4|10|RSI>70|nostop,1999,3
4|10|RSI>70|nostop,2000,2
4|10|RSI>70|nostop,2003,3
4|10|RSI>70|nostop,2004,4
4|10|RSI>70|nostop,2005,6
4|10|RSI>70|nostop,2006,9
4|10|RSI>70|nostop,2007,17
4|10|RSI>70|nostop,2009,2
4|10|RSI>70|nostop,2010,6
4|10|RSI>70|nostop,2011,2
4|10|RSI>70|nostop,2012,11
4|10|RSI>70|2xATR,1991,1
4|10|RSI>70|2xATR,1992,3
4|10|RSI>70|2xATR,1995,1
4|10|RSI>70|2xATR,1996,1
4|10|RSI>70|2xATR,1997,3
4|10|RSI>70|2xATR,1998,6
4|10|RSI>70|2xATR,1999,3
4|10|RSI>70|2xATR,2000,2
4|10|RSI>70|2xATR,2003,3
4|10|RSI>70|2xATR,2004,4
4|10|RSI>70|2xATR,2005,6
4|10|RSI>70|2xATR,2006,9
4|10|RSI>70|2xATR,2007,17
4|10|RSI>70|2xATR,2009,2
4|10|RSI>70|2xATR,2010,6
4|10|RSI>70|2xATR,2011,2
4|10|RSI>70|2xATR,2012,11
4|10|time5d|nostop,1991,1
4|10|time5d|nostop,1992,3
4|10|time5d|nostop,1995,1
4|10|time5d|nostop,1996,1
4|10|time5d|nostop,1997,3
4|10|time5d|nostop,1998,6
4|10|time5d|nostop,1999,3
4|10|time5d|nostop,2000,2
4|10|time5d|nostop,2003,3
4|10|time5d|nostop,2004,4
4|10|time5d|nostop,2005,6
4|10|time5d|nostop,2006,9
4|10|time5d|nostop,2007,17
4|10|time5d|nostop,2009,2
4|10|time5d|nostop,2010,6
4|10|time5d|nostop,2011,2
4|10|time5d|nostop,2012,11
4|10|time5d|2xATR,1991,1
4|10|time5d|2xATR,1992,3
4|10|time5d|2xATR,1995,1
4|10|time5d|2xATR,1996,1
4|10|time5d|2xATR,1997,3
4|10|time5d|2xATR,1998,6
4|10|time5d|2xATR,1999,3
4|10|time5d|2xATR,2000,2
4|10|time5d|2xATR,2003,3
4|10|time5d|2xATR,2004,4
4|10|time5d|2xATR,2005,6
4|10|time5d|2xATR,2006,9
4|10|time5d|2xATR,2007,17
4|10|time5d|2xATR,2009,2
4|10|time5d|2xATR,2010,6
4|10|time5d|2xATR,2011,2
4|10|time5d|2xATR,2012,11
4|15|close>5SMA|nostop,1983,2
4|15|close>5SMA|nostop,1986,1
4|15|close>5SMA|nostop,1987,1
4|15|close>5SMA|nostop,1988,1
4|15|close>5SMA|nostop,1989,2
4|15|close>5SMA|nostop,1990,2
4|15|close>5SMA|nostop,1991,2
4|15|close>5SMA|nostop,1992,3
4|15|close>5SMA|nostop,1993,5
4|15|close>5SMA|nostop,1995,6
4|15|close>5SMA|nostop,1996,11
4|15|close>5SMA|nostop,1997,13
4|15|close>5SMA|nostop,1998,19
4|15|close>5SMA|nostop,1999,18
4|15|close>5SMA|nostop,2000,14
4|15|close>5SMA|nostop,2002,1
4|15|close>5SMA|nostop,2003,32
4|15|close>5SMA|nostop,2004,35
4|15|close>5SMA|nostop,2005,56
4|15|close>5SMA|nostop,2006,55
4|15|close>5SMA|nostop,2007,64
4|15|close>5SMA|nostop,2009,17
4|15|close>5SMA|nostop,2010,30
4|15|close>5SMA|nostop,2011,48
4|15|close>5SMA|nostop,2012,79
4|15|close>5SMA|2xATR,1983,2
4|15|close>5SMA|2xATR,1986,1
4|15|close>5SMA|2xATR,1987,1
4|15|close>5SMA|2xATR,1988,1
4|15|close>5SMA|2xATR,1989,2
4|15|close>5SMA|2xATR,1990,2
4|15|close>5SMA|2xATR,1991,2
4|15|close>5SMA|2xATR,1992,4
4|15|close>5SMA|2xATR,1993,5
4|15|close>5SMA|2xATR,1995,6
4|15|close>5SMA|2xATR,1996,11
4|15|close>5SMA|2xATR,1997,13
4|15|close>5SMA|2xATR,1998,19
4|15|close>5SMA|2xATR,1999,18
4|15|close>5SMA|2xATR,2000,14
4|15|close>5SMA|2xATR,2002,1
4|15|close>5SMA|2xATR,2003,32
4|15|close>5SMA|2xATR,2004,35
4|15|close>5SMA|2xATR,2005,56
4|15|close>5SMA|2xATR,2006,55
4|15|close>5SMA|2xATR,2007,64
4|15|close>5SMA|2xATR,2009,17
4|15|close>5SMA|2xATR,2010,31
4|15|close>5SMA|2xATR,2011,48
4|15|close>5SMA|2xATR,2012,79
4|15|RSI>65|nostop,1983,2
4|15|RSI>65|nostop,1986,1
4|15|RSI>65|nostop,1987,1
4|15|RSI>65|nostop,1988,1
4|15|RSI>65|nostop,1989,2
4|15|RSI>65|nostop,1990,2
4|15|RSI>65|nostop,1991,2
4|15|RSI>65|nostop,1992,3
4|15|RSI>65|nostop,1993,5
4|15|RSI>65|nostop,1995,6
4|15|RSI>65|nostop,1996,11
4|15|RSI>65|nostop,1997,13
4|15|RSI>65|nostop,1998,19
4|15|RSI>65|nostop,1999,18
4|15|RSI>65|nostop,2000,14
4|15|RSI>65|nostop,2002,1
4|15|RSI>65|nostop,2003,32
4|15|RSI>65|nostop,2004,35
4|15|RSI>65|nostop,2005,55
4|15|RSI>65|nostop,2006,55
4|15|RSI>65|nostop,2007,63
4|15|RSI>65|nostop,2009,17
4|15|RSI>65|nostop,2010,30
4|15|RSI>65|nostop,2011,48
4|15|RSI>65|nostop,2012,79
4|15|RSI>65|2xATR,1983,2
4|15|RSI>65|2xATR,1986,1
4|15|RSI>65|2xATR,1987,1
4|15|RSI>65|2xATR,1988,1
4|15|RSI>65|2xATR,1989,2
4|15|RSI>65|2xATR,1990,2
4|15|RSI>65|2xATR,1991,2
4|15|RSI>65|2xATR,1992,4
4|15|RSI>65|2xATR,1993,5
4|15|RSI>65|2xATR,1995,6
4|15|RSI>65|2xATR,1996,11
4|15|RSI>65|2xATR,1997,13
4|15|RSI>65|2xATR,1998,19
4|15|RSI>65|2xATR,1999,18
4|15|RSI>65|2xATR,2000,14
4|15|RSI>65|2xATR,2002,1
4|15|RSI>65|2xATR,2003,32
4|15|RSI>65|2xATR,2004,35
4|15|RSI>65|2xATR,2005,55
4|15|RSI>65|2xATR,2006,55
4|15|RSI>65|2xATR,2007,63
4|15|RSI>65|2xATR,2009,17
4|15|RSI>65|2xATR,2010,31
4|15|RSI>65|2xATR,2011,48
4|15|RSI>65|2xATR,2012,79
4|15|RSI>70|nostop,1983,2
4|15|RSI>70|nostop,1986,1
4|15|RSI>70|nostop,1987,1
4|15|RSI>70|nostop,1988,1
4|15|RSI>70|nostop,1989,2
4|15|RSI>70|nostop,1990,2
4|15|RSI>70|nostop,1991,2
4|15|RSI>70|nostop,1992,3
4|15|RSI>70|nostop,1993,5
4|15|RSI>70|nostop,1995,6
4|15|RSI>70|nostop,1996,11
4|15|RSI>70|nostop,1997,13
4|15|RSI>70|nostop,1998,19
4|15|RSI>70|nostop,1999,18
4|15|RSI>70|nostop,2000,14
4|15|RSI>70|nostop,2002,1
4|15|RSI>70|nostop,2003,32
4|15|RSI>70|nostop,2004,35
4|15|RSI>70|nostop,2005,55
4|15|RSI>70|nostop,2006,55
4|15|RSI>70|nostop,2007,63
4|15|RSI>70|nostop,2009,17
4|15|RSI>70|nostop,2010,30
4|15|RSI>70|nostop,2011,48
4|15|RSI>70|nostop,2012,79
4|15|RSI>70|2xATR,1983,2
4|15|RSI>70|2xATR,1986,1
4|15|RSI>70|2xATR,1987,1
4|15|RSI>70|2xATR,1988,1
4|15|RSI>70|2xATR,1989,2
4|15|RSI>70|2xATR,1990,2
4|15|RSI>70|2xATR,1991,2
4|15|RSI>70|2xATR,1992,4
4|15|RSI>70|2xATR,1993,5
4|15|RSI>70|2xATR,1995,6
4|15|RSI>70|2xATR,1996,11
4|15|RSI>70|2xATR,1997,13
4|15|RSI>70|2xATR,1998,19
4|15|RSI>70|2xATR,1999,18
4|15|RSI>70|2xATR,2000,14
4|15|RSI>70|2xATR,2002,1
4|15|RSI>70|2xATR,2003,32
4|15|RSI>70|2xATR,2004,35
4|15|RSI>70|2xATR,2005,55
4|15|RSI>70|2xATR,2006,55
4|15|RSI>70|2xATR,2007,63
4|15|RSI>70|2xATR,2009,17
4|15|RSI>70|2xATR,2010,31
4|15|RSI>70|2xATR,2011,48
4|15|RSI>70|2xATR,2012,79
4|15|time5d|nostop,1983,2
4|15|time5d|nostop,1986,1
4|15|time5d|nostop,1987,1
4|15|time5d|nostop,1988,1
4|15|time5d|nostop,1989,2
4|15|time5d|nostop,1990,2
4|15|time5d|nostop,1991,2
4|15|time5d|nostop,1992,3
4|15|time5d|nostop,1993,5
4|15|time5d|nostop,1995,6
4|15|time5d|nostop,1996,11
4|15|time5d|nostop,1997,13
4|15|time5d|nostop,1998,19
4|15|time5d|nostop,1999,18
4|15|time5d|nostop,2000,14
4|15|time5d|nostop,2002,1
4|15|time5d|nostop,2003,32
4|15|time5d|nostop,2004,35
4|15|time5d|nostop,2005,55
4|15|time5d|nostop,2006,55
4|15|time5d|nostop,2007,64
4|15|time5d|nostop,2009,17
4|15|time5d|nostop,2010,30
4|15|time5d|nostop,2011,48
4|15|time5d|nostop,2012,79
4|15|time5d|2xATR,1983,2
4|15|time5d|2xATR,1986,1
4|15|time5d|2xATR,1987,1
4|15|time5d|2xATR,1988,1
4|15|time5d|2xATR,1989,2
4|15|time5d|2xATR,1990,2
4|15|time5d|2xATR,1991,2
4|15|time5d|2xATR,1992,4
4|15|time5d|2xATR,1993,5
4|15|time5d|2xATR,1995,6
4|15|time5d|2xATR,1996,11
4|15|time5d|2xATR,1997,13
4|15|time5d|2xATR,1998,19
4|15|time5d|2xATR,1999,18
4|15|time5d|2xATR,2000,14
4|15|time5d|2xATR,2002,1
4|15|time5d|2xATR,2003,32
4|15|time5d|2xATR,2004,35
4|15|time5d|2xATR,2005,55
4|15|time5d|2xATR,2006,55
4|15|time5d|2xATR,2007,64
4|15|time5d|2xATR,2009,17
4|15|time5d|2xATR,2010,31
4|15|time5d|2xATR,2011,48
4|15|time5d|2xATR,2012,79
4|20|close>5SMA|nostop,1983,3
4|20|close>5SMA|nostop,1985,2
4|20|close>5SMA|nostop,1986,1
4|20|close>5SMA|nostop,1987,3
4|20|close>5SMA|nostop,1988,1
4|20|close>5SMA|nostop,1989,6
4|20|close>5SMA|nostop,1990,2
4|20|close>5SMA|nostop,1991,6
4|20|close>5SMA|nostop,1992,5
4|20|close>5SMA|nostop,1993,11
4|20|close>5SMA|nostop,1994,1
4|20|close>5SMA|nostop,1995,21
4|20|close>5SMA|nostop,1996,26
4|20|close>5SMA|nostop,1997,41
4|20|close>5SMA|nostop,1998,52
4|20|close>5SMA|nostop,1999,64
4|20|close>5SMA|nostop,2000,48
4|20|close>5SMA|nostop,2002,4
4|20|close>5SMA|nostop,2003,82
4|20|close>5SMA|nostop,2004,94
4|20|close>5SMA|nostop,2005,159
4|20|close>5SMA|nostop,2006,137
4|20|close>5SMA|nostop,2007,156
4|20|close>5SMA|nostop,2009,77
4|20|close>5SMA|nostop,2010,101
4|20|close>5SMA|nostop,2011,159
4|20|close>5SMA|nostop,2012,181
4|20|close>5SMA|2xATR,1983,3
4|20|close>5SMA|2xATR,1985,2
4|20|close>5SMA|2xATR,1986,1
4|20|close>5SMA|2xATR,1987,3
4|20|close>5SMA|2xATR,1988,1
4|20|close>5SMA|2xATR,1989,6
4|20|close>5SMA|2xATR,1990,2
4|20|close>5SMA|2xATR,1991,6
4|20|close>5SMA|2xATR,1992,6
4|20|close>5SMA|2xATR,1993,11
4|20|close>5SMA|2xATR,1994,1
4|20|close>5SMA|2xATR,1995,21
4|20|close>5SMA|2xATR,1996,26
4|20|close>5SMA|2xATR,1997,41
4|20|close>5SMA|2xATR,1998,53
4|20|close>5SMA|2xATR,1999,64
4|20|close>5SMA|2xATR,2000,48
4|20|close>5SMA|2xATR,2002,4
4|20|close>5SMA|2xATR,2003,82
4|20|close>5SMA|2xATR,2004,94
4|20|close>5SMA|2xATR,2005,160
4|20|close>5SMA|2xATR,2006,138
4|20|close>5SMA|2xATR,2007,156
4|20|close>5SMA|2xATR,2009,77
4|20|close>5SMA|2xATR,2010,102
4|20|close>5SMA|2xATR,2011,160
4|20|close>5SMA|2xATR,2012,182
4|20|RSI>65|nostop,1983,3
4|20|RSI>65|nostop,1985,2
4|20|RSI>65|nostop,1986,1
4|20|RSI>65|nostop,1987,3
4|20|RSI>65|nostop,1988,1
4|20|RSI>65|nostop,1989,6
4|20|RSI>65|nostop,1990,2
4|20|RSI>65|nostop,1991,6
4|20|RSI>65|nostop,1992,5
4|20|RSI>65|nostop,1993,11
4|20|RSI>65|nostop,1994,1
4|20|RSI>65|nostop,1995,21
4|20|RSI>65|nostop,1996,26
4|20|RSI>65|nostop,1997,41
4|20|RSI>65|nostop,1998,51
4|20|RSI>65|nostop,1999,63
4|20|RSI>65|nostop,2000,48
4|20|RSI>65|nostop,2002,4
4|20|RSI>65|nostop,2003,82
4|20|RSI>65|nostop,2004,92
4|20|RSI>65|nostop,2005,153
4|20|RSI>65|nostop,2006,136
4|20|RSI>65|nostop,2007,154
4|20|RSI>65|nostop,2009,77
4|20|RSI>65|nostop,2010,99
4|20|RSI>65|nostop,2011,155
4|20|RSI>65|nostop,2012,180
4|20|RSI>65|2xATR,1983,3
4|20|RSI>65|2xATR,1985,2
4|20|RSI>65|2xATR,1986,1
4|20|RSI>65|2xATR,1987,3
4|20|RSI>65|2xATR,1988,1
4|20|RSI>65|2xATR,1989,6
4|20|RSI>65|2xATR,1990,2
4|20|RSI>65|2xATR,1991,6
4|20|RSI>65|2xATR,1992,6
4|20|RSI>65|2xATR,1993,11
4|20|RSI>65|2xATR,1994,1
4|20|RSI>65|2xATR,1995,21
4|20|RSI>65|2xATR,1996,26
4|20|RSI>65|2xATR,1997,41
4|20|RSI>65|2xATR,1998,52
4|20|RSI>65|2xATR,1999,63
4|20|RSI>65|2xATR,2000,48
4|20|RSI>65|2xATR,2002,4
4|20|RSI>65|2xATR,2003,82
4|20|RSI>65|2xATR,2004,92
4|20|RSI>65|2xATR,2005,155
4|20|RSI>65|2xATR,2006,137
4|20|RSI>65|2xATR,2007,154
4|20|RSI>65|2xATR,2009,77
4|20|RSI>65|2xATR,2010,100
4|20|RSI>65|2xATR,2011,156
4|20|RSI>65|2xATR,2012,181
4|20|RSI>70|nostop,1983,3
4|20|RSI>70|nostop,1985,2
4|20|RSI>70|nostop,1986,1
4|20|RSI>70|nostop,1987,3
4|20|RSI>70|nostop,1988,1
4|20|RSI>70|nostop,1989,6
4|20|RSI>70|nostop,1990,2
4|20|RSI>70|nostop,1991,6
4|20|RSI>70|nostop,1992,5
4|20|RSI>70|nostop,1993,11
4|20|RSI>70|nostop,1994,1
4|20|RSI>70|nostop,1995,21
4|20|RSI>70|nostop,1996,26
4|20|RSI>70|nostop,1997,40
4|20|RSI>70|nostop,1998,51
4|20|RSI>70|nostop,1999,62
4|20|RSI>70|nostop,2000,48
4|20|RSI>70|nostop,2002,4
4|20|RSI>70|nostop,2003,82
4|20|RSI>70|nostop,2004,92
4|20|RSI>70|nostop,2005,153
4|20|RSI>70|nostop,2006,136
4|20|RSI>70|nostop,2007,154
4|20|RSI>70|nostop,2009,77
4|20|RSI>70|nostop,2010,98
4|20|RSI>70|nostop,2011,154
4|20|RSI>70|nostop,2012,178
4|20|RSI>70|2xATR,1983,3
4|20|RSI>70|2xATR,1985,2
4|20|RSI>70|2xATR,1986,1
4|20|RSI>70|2xATR,1987,3
4|20|RSI>70|2xATR,1988,1
4|20|RSI>70|2xATR,1989,6
4|20|RSI>70|2xATR,1990,2
4|20|RSI>70|2xATR,1991,6
4|20|RSI>70|2xATR,1992,6
4|20|RSI>70|2xATR,1993,11
4|20|RSI>70|2xATR,1994,1
4|20|RSI>70|2xATR,1995,21
4|20|RSI>70|2xATR,1996,26
4|20|RSI>70|2xATR,1997,40
4|20|RSI>70|2xATR,1998,52
4|20|RSI>70|2xATR,1999,62
4|20|RSI>70|2xATR,2000,48
4|20|RSI>70|2xATR,2002,4
4|20|RSI>70|2xATR,2003,82
4|20|RSI>70|2xATR,2004,92
4|20|RSI>70|2xATR,2005,155
4|20|RSI>70|2xATR,2006,137
4|20|RSI>70|2xATR,2007,154
4|20|RSI>70|2xATR,2009,77
4|20|RSI>70|2xATR,2010,99
4|20|RSI>70|2xATR,2011,155
4|20|RSI>70|2xATR,2012,179
4|20|time5d|nostop,1983,3
4|20|time5d|nostop,1985,2
4|20|time5d|nostop,1986,1
4|20|time5d|nostop,1987,3
4|20|time5d|nostop,1988,1
4|20|time5d|nostop,1989,6
4|20|time5d|nostop,1990,2
4|20|time5d|nostop,1991,6
4|20|time5d|nostop,1992,5
4|20|time5d|nostop,1993,11
4|20|time5d|nostop,1994,1
4|20|time5d|nostop,1995,21
4|20|time5d|nostop,1996,26
4|20|time5d|nostop,1997,41
4|20|time5d|nostop,1998,52
4|20|time5d|nostop,1999,64
4|20|time5d|nostop,2000,48
4|20|time5d|nostop,2002,4
4|20|time5d|nostop,2003,82
4|20|time5d|nostop,2004,94
4|20|time5d|nostop,2005,158
4|20|time5d|nostop,2006,137
4|20|time5d|nostop,2007,157
4|20|time5d|nostop,2009,77
4|20|time5d|nostop,2010,100
4|20|time5d|nostop,2011,157
4|20|time5d|nostop,2012,180
4|20|time5d|2xATR,1983,3
4|20|time5d|2xATR,1985,2
4|20|time5d|2xATR,1986,1
4|20|time5d|2xATR,1987,3
4|20|time5d|2xATR,1988,1
4|20|time5d|2xATR,1989,6
4|20|time5d|2xATR,1990,2
4|20|time5d|2xATR,1991,6
4|20|time5d|2xATR,1992,6
4|20|time5d|2xATR,1993,11
4|20|time5d|2xATR,1994,1
4|20|time5d|2xATR,1995,21
4|20|time5d|2xATR,1996,26
4|20|time5d|2xATR,1997,41
4|20|time5d|2xATR,1998,53
4|20|time5d|2xATR,1999,64
4|20|time5d|2xATR,2000,48
4|20|time5d|2xATR,2002,4
4|20|time5d|2xATR,2003,82
4|20|time5d|2xATR,2004,94
4|20|time5d|2xATR,2005,159
4|20|time5d|2xATR,2006,137
4|20|time5d|2xATR,2007,157
4|20|time5d|2xATR,2009,77
4|20|time5d|2xATR,2010,101
4|20|time5d|2xATR,2011,158
4|20|time5d|2xATR,2012,181
