rsi_period,threshold,exit,stop,n_trades,win_rate,expectancy_pct,profit_factor,avg_hold_days,projected_oos_n
2,5,close>5SMA,nostop,1888,69.4385593220339,0.6198115623714577,1.6421689949377187,5.227224576271187,851
2,5,close>5SMA,2xATR,1898,68.28240252897787,0.4065904795373448,1.353605375404028,4.31822971548999,856
2,5,RSI>65,nostop,1883,70.36643653744025,0.735173200343333,1.737658166929225,6.0541688794476896,849
2,5,RSI>65,2xATR,1894,68.69060190073918,0.47869495414456925,1.392663901105432,4.824709609292503,854
2,5,RSI>70,nostop,1878,70.66027689030884,0.8614668847592046,1.8238577228271953,6.998935037273696,847
2,5,RSI>70,2xATR,1890,68.83597883597884,0.5582990529710997,1.4268010549119925,5.449735449735449,852
2,5,time5d,nostop,1894,58.02534318901795,0.6579738365409569,1.4648171129944225,7.166842661034847,854
2,5,time5d,2xATR,1900,57.10526315789474,0.5403391396941798,1.3602961111314877,6.719473684210526,857
2,10,close>5SMA,nostop,4530,67.24061810154525,0.46101544845614173,1.444745171980961,5.324061810154525,2021
2,10,close>5SMA,2xATR,4585,66.04143947655398,0.22867231319970283,1.1844755257650725,4.348309705561614,2046
2,10,RSI>65,nostop,4496,68.63879003558719,0.5694687309932936,1.536224381490849,6.158140569395018,2006
2,10,RSI>65,2xATR,4554,66.99604743083005,0.2807371568667706,1.2138445037336676,4.85024154589372,2032
2,10,RSI>70,nostop,4458,69.58277254374158,0.7008137013097487,1.6423581613515594,7.0807537012113055,1989
2,10,RSI>70,2xATR,4519,67.18300508962159,0.3343087825610357,1.2376797978880714,5.4396990484620495,2017
2,10,time5d,nostop,4500,56.111111111111114,0.5396604986867805,1.3712731331262114,7.181555555555556,2008
2,10,time5d,2xATR,4539,54.85789821546596,0.41438904847407876,1.266912940777191,6.689579202467504,2025
2,15,close>5SMA,nostop,7042,65.63476285146265,0.30606940435808483,1.2815597590773882,5.368219255893212,3142
2,15,close>5SMA,2xATR,7176,64.54849498327759,0.07514239057796775,1.0579086524454435,4.335841694537347,3202
2,15,RSI>65,nostop,6933,66.89744699264388,0.40856423761179117,1.3689200230450966,6.1738064330015865,3093
2,15,RSI>65,2xATR,7078,65.41395874540831,0.1202272503537432,1.0878445809408752,4.8024865781294155,3158
2,15,RSI>70,nostop,6823,67.69749377106844,0.5466580280533947,1.4839068824697288,7.116810787043822,3044
2,15,RSI>70,2xATR,6976,65.61066513761467,0.1837318855448335,1.1263334244531753,5.405963302752293,3113
2,15,time5d,nostop,6873,53.513749454386726,0.3340771683319089,1.217750599929252,7.192783355157864,3067
2,15,time5d,2xATR,6979,52.44304341596218,0.21916856548032415,1.134228107666857,6.683049147442327,3114
2,20,close>5SMA,nostop,9358,64.46890361188288,0.1831733651581795,1.1627352939412225,5.370805727719598,4168
2,20,close>5SMA,2xATR,9618,63.464337700145556,-0.04268739465575705,0.9681357029285897,4.2963194011228945,4284
2,20,RSI>65,nostop,9151,65.62124357993662,0.27115030016436886,1.2356356969452167,6.171019560703749,4076
2,20,RSI>65,2xATR,9434,64.19334322662709,0.00062716942141653,1.0004458621223842,4.74560101759593,4202
2,20,RSI>70,nostop,8909,66.31496239757548,0.38219482804524,1.3230797400153258,7.156246492311146,3968
2,20,RSI>70,2xATR,9208,64.3462206776716,0.041848359844787075,1.0279087077585016,5.365008688097307,4101
2,20,time5d,nostop,8952,52.49106344950849,0.19977283021831177,1.1236391542948196,7.198949955317247,3987
2,20,time5d,2xATR,9135,51.43951833607006,0.09471738871353039,1.0555585550596507,6.666119321291735,4069
3,5,close>5SMA,nostop,95,62.10526315789474,0.4225343825809665,1.4564176402911866,5.968421052631579,60
3,5,close>5SMA,2xATR,95,60.0,-0.01178366604238809,0.9911297868853457,4.926315789473684,60
3,5,RSI>65,nostop,95,65.26315789473685,0.6584378141125496,1.5182380469776284,11.326315789473684,60
3,5,RSI>65,2xATR,95,57.89473684210527,-0.3398950486729042,0.8386213413756444,7.6,60
3,5,RSI>70,nostop,95,63.1578947368421,0.8295651361624348,1.582009442789683,14.4,60
3,5,RSI>70,2xATR,95,54.736842105263165,-0.3138950273447358,0.8683262715617285,8.652631578947368,60
3,5,time5d,nostop,95,51.578947368421055,0.33012633017552767,1.2370906839475106,7.147368421052631,60
3,5,time5d,2xATR,95,50.526315789473685,0.006200310529436035,1.0036433892106447,6.768421052631579,60
3,10,close>5SMA,nostop,828,70.04830917874396,0.7317175285651676,1.7518005285909395,5.263285024154589,373
3,10,close>5SMA,2xATR,831,68.59205776173285,0.5492159794061936,1.4867001799794661,4.353790613718411,375
3,10,RSI>65,nostop,824,74.02912621359224,1.5322282297788254,2.4430271490580044,9.688106796116505,371
3,10,RSI>65,2xATR,827,69.4074969770254,1.0003010655647309,1.6615879279131889,7.136638452237001,373
3,10,RSI>70,nostop,823,73.75455650060753,1.8312348221538026,2.6531553251072464,11.730255164034022,371
3,10,RSI>70,2xATR,826,68.03874092009686,1.1590438914375618,1.6971306649877331,8.30871670702179,372
3,10,time5d,nostop,829,60.193003618817855,0.9053850595574342,1.6848219637073933,7.186972255729795,374
3,10,time5d,2xATR,831,58.844765342960294,0.7893943116190216,1.5615446984864794,6.730445246690734,375
3,15,close>5SMA,nostop,2101,68.96715849595431,0.7442814803298677,1.8038467546303345,5.257972394098049,938
3,15,close>5SMA,2xATR,2113,67.67628963558921,0.4692128052765746,1.4041551149589286,4.3809749171793655,943
3,15,RSI>65,nostop,2073,72.45537867824409,1.28768791299944,2.102865181476761,10.022190062711047,925
3,15,RSI>65,2xATR,2087,67.80067081935793,0.703434426977833,1.4311050932769385,7.187350263536176,931
3,15,RSI>70,nostop,2060,72.96116504854369,1.4884862154931358,2.189295514180506,12.27864077669903,919
3,15,RSI>70,2xATR,2074,66.48987463837994,0.7796095263566091,1.4354051768989278,8.352459016393443,925
3,15,time5d,nostop,2098,58.10295519542421,0.7614738220403451,1.5588534728545622,7.169208770257388,936
3,15,time5d,2xATR,2107,56.810631229235874,0.5877984716158304,1.3931213998630985,6.716658756525866,940
3,20,close>5SMA,nostop,3862,68.12532366649404,0.5225814064312296,1.5115111819397031,5.322112894873123,1723
3,20,close>5SMA,2xATR,3910,66.62404092071611,0.2830848368246667,1.231312549856356,4.366751918158568,1745
3,20,RSI>65,nostop,3722,73.15959161740999,1.0766330585163462,1.9093463755094406,9.77162815690489,1661
3,20,RSI>65,2xATR,3778,68.1577554261514,0.5133669756931327,1.3134352155177338,6.96638433033351,1686
3,20,RSI>70,nostop,3670,73.3242506811989,1.2516514740831823,1.9665264911132792,12.138147138964579,1638
3,20,RSI>70,2xATR,3727,66.70244164207138,0.5701572719427753,1.3127348489671955,8.250603702709954,1663
3,20,time5d,nostop,3828,56.42633228840125,0.5359053425753398,1.3650471514038434,7.177899686520377,1708
3,20,time5d,2xATR,3866,54.940506983962756,0.41405072503104345,1.2656309129319787,6.68080703569581,1725
4,5,close>5SMA,nostop,3,100.0,1.900422330927191,inf,4.666666666666667,2
4,5,close>5SMA,2xATR,3,100.0,1.900422330927191,inf,4.666666666666667,2
4,5,RSI>65,nostop,3,66.66666666666666,-1.4847874322313825,0.5429194929284329,17.333333333333332,2
4,5,RSI>65,2xATR,3,66.66666666666666,-1.0628609808585598,0.6239642399879181,10.666666666666666,2
4,5,RSI>70,nostop,3,33.33333333333333,-2.4464739255381547,0.21051570566863761,38.0,2
4,5,RSI>70,2xATR,3,33.33333333333333,-2.870638864294321,0.18516979929406097,29.666666666666668,2
4,5,time5d,nostop,3,66.66666666666666,0.7026212553283135,2.533023901582543,7.333333333333333,2
4,5,time5d,2xATR,3,66.66666666666666,0.7026212553283135,2.533023901582543,7.333333333333333,2
4,10,close>5SMA,nostop,80,63.74999999999999,0.6948974087645549,1.8347633347648904,5.7625,51
4,10,close>5SMA,2xATR,80,61.25000000000001,0.18182725836144803,1.140244938147139,4.8875,51
4,10,RSI>65,nostop,80,71.25,1.1451926423929342,1.7393783962958638,16.65,51
4,10,RSI>65,2xATR,80,56.25,0.029339673829082563,1.0124928731443492,9.75,51
4,10,RSI>70,nostop,80,71.25,0.6999122616737107,1.316217729088542,20.275,51
4,10,RSI>70,2xATR,80,55.00000000000001,-0.05009064213876216,0.9802991545130135,11.375,51
4,10,time5d,nostop,80,60.0,0.8158844137489931,1.751358080056285,7.0875,51
4,10,time5d,2xATR,80,57.49999999999999,0.4370567640883799,1.3042524974288217,6.75,51
4,15,close>5SMA,nostop,517,69.63249516441006,0.7921669067448048,1.8402980744987494,5.299806576402321,233
4,15,close>5SMA,2xATR,519,67.82273603082851,0.5275528790137983,1.4521062058070038,4.381502890173411,234
4,15,RSI>65,nostop,515,75.33980582524272,2.044585693341473,2.7852747880092874,13.436893203883495,232
4,15,RSI>65,2xATR,517,67.50483558994198,1.2721514293081393,1.721374103246106,8.982591876208897,233
4,15,RSI>70,nostop,515,73.59223300970874,2.0006647165311415,2.283320802442758,17.945631067961166,232
4,15,RSI>70,2xATR,517,63.63636363636363,1.2551311146945658,1.6118406322500838,10.847195357833655,233
4,15,time5d,nostop,516,60.27131782945736,0.8986103186162417,1.6407672105268885,7.203488372093023,233
4,15,time5d,2xATR,518,58.4942084942085,0.7844450029644737,1.5324883459441214,6.714285714285714,234
4,20,close>5SMA,nostop,1443,69.92376992376992,0.8417545640489308,1.8880558679492678,5.252252252252252,651
4,20,close>5SMA,2xATR,1450,68.34482758620689,0.5714604339937835,1.4835466210430963,4.337931034482758,654
4,20,RSI>65,nostop,1423,73.15530569219958,1.7873510989367611,2.3331322428490573,14.117357695010542,642
4,20,RSI>65,2xATR,1431,66.10761705101328,1.0767374993627057,1.5738500644384155,9.082459818308875,645
4,20,RSI>70,nostop,1417,73.60621030345801,1.972157027698994,2.24619577211257,18.58362738179252,639
4,20,RSI>70,2xATR,1425,63.01754385964913,1.1517667839770747,1.5406494795788521,11.279298245614035,642
4,20,time5d,nostop,1439,59.277275886031966,0.9034451334836426,1.6607332422880703,7.169562195969423,649
4,20,time5d,2xATR,1445,57.99307958477509,0.7343546784740804,1.4914734076044973,6.682352941176471,651
