window,lookback,hold,gate,quality,cagr_net,cagr_gross,margin_net,vol,sharpe,max_dd,in_market,turnover_pct,cost_drag_pp,avg_n_held,n_rebal
full,3,top10pct,False,False,6.8330649695540036,9.682802500413178,-3.1633439927831297,24.58611405920717,0.27792374805953174,-63.56366293400002,98.06074766355141,54.76978400487443,2.5981625796335672,24.323529411764707,204
first_half,3,top10pct,False,False,8.600780114921358,11.472444544594174,-4.018534868558122,23.35725565293535,0.3682273398347841,-47.56657316336174,96.12330686595048,54.29812679329851,2.5761204407103278,19.284313725490197,102
second_half,3,top10pct,False,False,5.519791005958097,8.34774601210575,-2.144869301566632,25.718718700287585,0.21462153967632824,-63.563662934000064,99.11214953271028,55.02536943469569,2.610072761302906,29.362745098039216,102
full,3,top10pct,False,True,-7.196976042961145,-3.5555461198422456,-17.19338500529828,36.262725207753896,-0.19846760004188121,-93.28786974605053,94.08878504672897,80.02468515171307,3.7756758181696437,4.1911764705882355,204
first_half,3,top10pct,False,True,-9.801751513114942,-6.403042063985154,-22.42106649659442,36.88983570093763,-0.26570331168121225,-78.677670227811,88.183092013078,76.90278101480911,3.6312178558764785,3.049019607843137,102
second_half,3,top10pct,False,True,-3.4624273114470694,0.45244022934209926,-11.127087618971798,35.60145969305896,-0.09725520642408159,-78.96240646901263,99.11214953271028,82.65639321018564,3.897234882349465,5.333333333333333,102
full,3,top10pct,True,False,12.76226025224263,14.921891291027901,2.7658512899054966,18.665186487192845,0.6837467314349889,-22.83076375471529,69.7429906542056,39.47100045318817,1.8792164090966734,17.122549019607842,204
first_half,3,top10pct,True,False,12.330775901404877,14.336177943642948,-0.2885390820746032,19.25110027358495,0.6405231766583404,-22.83076375471529,64.03549743110696,36.815984338348926,1.7539523170229554,12.235294117647058,102
second_half,3,top10pct,True,False,13.653882767912705,15.966403340920188,5.9892224603879765,18.001984144876218,0.7584654368112482,-18.162835045772884,74.57943925233644,41.90994478627275,1.9941297706794425,22.00980392156863,102
full,3,top10pct,True,True,0.4490079056689744,3.1568200672271507,-9.547401056668159,26.629379075431263,0.016861373462636876,-67.76237031049305,65.77102803738318,55.31099560794831,2.624947298485436,2.7598039215686274,204
first_half,3,top10pct,True,True,-3.8516485045863025,-1.576412919745107,-16.470963488065784,30.782356455785347,-0.1251251998890556,-67.76237031049305,56.095282578234475,48.63064200479097,2.3116771622903265,1.7352941176470589,102
second_half,3,top10pct,True,True,6.101050678263187,9.285970043513704,-1.563609629261542,21.64747245170142,0.28183662974398027,-38.49522518806173,74.57943925233644,61.50115313267426,2.9142984812985495,3.784313725490196,102
full,3,top20pct,False,False,6.690511823243606,9.132835032809417,-3.3058971390935277,21.650577888304742,0.3090223206863084,-57.205614188656625,98.06074766355141,47.09708548340217,2.2379361892610694,49.10294117647059,204
first_half,3,top20pct,False,False,7.824632337516668,10.31603876979974,-4.794682645962812,20.041507638776437,0.390421343471063,-38.856541934410515,96.12330686595048,47.53221005384495,2.2584262996261373,38.94117647058823,102
second_half,3,top20pct,False,False,5.773639862449298,8.16977558933174,-1.8910204450754309,23.120872697374367,0.24971548167837795,-57.205614188656675,99.11214953271028,46.613499890227025,2.215161965371426,59.26470588235294,102
full,3,top20pct,False,True,-5.256363033464795,-1.6657802965427515,-15.252771995801929,28.391739543067878,-0.18513705458206725,-88.37455280102837,94.08878504672897,77.34863542739993,3.6514071579049956,8.82843137254902,204
first_half,3,top20pct,False,True,-6.3581003214923,-2.9486904092280275,-18.977415304971778,27.163166281059542,-0.2340706622970425,-78.53698002123357,88.183092013078,74.36107976614663,3.5129973275378035,6.53921568627451,102
second_half,3,top20pct,False,True,-3.612616746112085,0.16032798319072228,-11.277277053636814,29.552017557112997,-0.12224602733570553,-70.63714788443605,99.11214953271028,79.84599501022186,3.766905325964953,11.117647058823529,102
full,3,top20pct,True,False,10.999374651203532,12.86360138718241,1.0029656888663983,16.034256786965717,0.685992172717662,-21.280819623606916,69.7429906542056,34.65805380616065,1.651751949314073,34.59803921568628,204
first_half,3,top20pct,True,False,10.08303565240194,11.833953695802624,-2.536279331077541,15.89103135477484,0.634511091652478,-21.280819623606916,64.03549743110696,32.83636453342629,1.565640832267523,24.715686274509803,102
second_half,3,top20pct,True,False,12.141020843668372,14.121597440514911,4.476360536143643,16.133042637583568,0.752556174083655,-17.975421685009696,74.57943925233644,36.43128205616268,1.7354967344186845,44.48039215686274,102
full,3,top20pct,True,True,1.3575946976231545,4.024127069590255,-8.638814264713979,20.00881513089835,0.06784982962467913,-64.14925015406129,65.77102803738318,54.001612163812105,2.56337875364554,5.8088235294117645,204
first_half,3,top20pct,True,True,-0.7737722549604698,1.5486856372518343,-13.39308723843995,22.17404701057844,-0.03489540067229635,-64.14925015406129,56.095282578234475,48.11016349001057,2.287038850023615,3.715686274509804,102
second_half,3,top20pct,True,True,4.106156172857656,7.122731870988841,-3.558504134667073,17.541532192878755,0.23408195633700746,-27.426828124999847,74.57943925233644,59.402864759182265,2.815999597325536,7.901960784313726,102
full,3,top10n,False,False,12.80622365833417,16.10192327888238,2.809814695997037,29.742432522596264,0.43057082330454577,-68.85938685213584,98.06074766355141,59.90353134900216,2.83862620658899,9.852941176470589,204
first_half,3,top10n,False,False,15.271759192623824,18.709522221638753,2.6524442091443436,28.157297497849505,0.5423730453460669,-49.0067045222162,96.12330686595048,61.128123601291286,2.8959454681288577,9.705882352941176,102
second_half,3,top10n,False,False,10.86282438971795,14.028987754712396,3.1981640821932213,31.19483902384162,0.3482250503493768,-68.85938685213586,99.11214953271028,58.57968709382023,2.7766302475693005,10.0,102
full,3,top10n,False,True,-1.7469995355470003,1.7312395171919848,-11.743408497884133,23.923156266247407,-0.07302546186231283,-73.35363604386662,94.08878504672897,72.34699784641609,3.4190471572414283,9.318627450980392,204
first_half,3,top10n,False,True,-2.1600016412916867,1.1079100924602514,-14.779316624771166,21.019454034973723,-0.10276202406103013,-63.57719239402139,88.183092013078,68.3256990065681,3.232102939091075,8.754901960784315,102
second_half,3,top10n,False,True,-0.7877022207421591,2.8990404057651853,-8.452362528266889,26.489903985167583,-0.02973594095256876,-65.58259992960798,99.11214953271028,75.87810060783269,3.5828736710947884,9.882352941176471,102
full,3,top10n,True,False,19.273529023323512,21.709185962790766,9.277120060986379,22.86736985849446,0.8428397818634153,-25.911822314942757,69.7429906542056,42.05474044366383,2.001210442909318,7.009803921568627,204
first_half,3,top10n,True,False,17.567909770150834,19.881226906681793,4.948594786671354,23.927331598422374,0.7342193465195742,-25.911822314942757,64.03549743110696,40.53479925651968,1.9296742252493893,6.470588235294118,102
second_half,3,top10n,True,False,21.518410292272883,24.084499806995076,13.853749984748154,21.67480466736616,0.9927845082115666,-21.86482022566625,74.57943925233644,43.47542962791519,2.0680177771708386,7.549019607843137,102
full,3,top10n,True,True,4.4653391623310945,7.01982372223211,-5.531069800006039,16.576342913168133,0.2693802357807077,-47.207262181619626,65.77102803738318,50.244561651195994,2.3869265254361838,6.578431372549019,204
first_half,3,top10n,True,True,1.4468517678639659,3.5994066965598925,-11.172463215615515,15.300474615850709,0.09456254163286429,-47.207262181619626,56.095282578234475,43.66844878732849,2.0777676217786367,5.607843137254902,102
second_half,3,top10n,True,True,8.167343638588509,11.137079611281964,0.5026833310637802,17.721856911830656,0.4608627458861943,-23.988542684012316,74.57943925233644,56.33047843663215,2.6721378527135298,7.549019607843137,102
full,6,top10pct,False,False,9.258894789320049,11.39910758995335,-0.7375141730170842,24.37154839483753,0.3799058902339296,-56.500332058317625,96.56542056074767,40.37082546191535,1.9212118004671153,24.08823529411765,204
first_half,6,top10pct,False,False,13.767216598363841,15.966542286366291,1.1479016148843613,24.200573618185736,0.568879763577932,-42.54110960276376,93.13404950957496,39.846097018164066,1.8965174304942711,18.862745098039216,102
second_half,6,top10pct,False,False,5.09089431451637,7.173101017395167,-2.573765993008359,24.476864992903437,0.20798800483609195,-56.50033205831739,99.11214953271028,40.83078790445776,1.9428445039962994,29.313725490196077,102
full,6,top10pct,False,True,-11.09514441080407,-7.510459020541759,-21.091553373141203,35.76813216948504,-0.3101963602189353,-94.3345730221154,94.08878504672897,82.18672606711579,3.8757737926912617,4.1911764705882355,204
first_half,6,top10pct,False,True,-14.133882532012553,-10.867604406952513,-26.753197515492033,36.84704469259524,-0.3835825274435887,-87.1463476605276,88.183092013078,77.62105928009827,3.664524108577638,3.049019607843137,102
second_half,6,top10pct,False,True,-8.0380981003768,-4.142529861138877,-15.702758407901529,34.618595442235126,-0.23219018558361898,-83.55903681617696,99.11214953271028,86.26219677570191,4.063917223764335,5.333333333333333,102
full,6,top10pct,True,False,14.886633084523515,16.534959746101464,4.890224122186382,19.788841832542335,0.7522740951945333,-24.99002979086613,68.24766355140187,29.646081928083728,1.4144482180876605,16.916666666666668,204
first_half,6,top10pct,True,False,17.335152981281542,18.85453748567414,4.715837997802062,20.856137263172503,0.8311775456086843,-24.99002979086613,61.046240074731436,26.77510064565253,1.2783563308011892,11.833333333333334,102
second_half,6,top10pct,True,False,12.662523504101397,14.433129837863067,4.997863196576668,18.574636645092195,0.6817104283677656,-21.603098397277343,74.57943925233644,32.452297209306046,1.54728472101614,22.0,102
full,6,top10pct,True,True,-3.4274743348824743,-0.7078487529368571,-13.423883297219607,27.494128443552277,-0.12466204709559581,-85.88543824019966,65.77102803738318,57.74551888995559,2.7390136559520384,2.7598039215686274,204
first_half,6,top10pct,True,True,-13.723370977197835,-11.613648814611022,-26.342685960677315,32.022812907172664,-0.42854982842946915,-85.88543824019966,56.095282578234475,50.23111014799967,2.386932070724024,1.7352941176470589,102
second_half,6,top10pct,True,True,7.992307323182213,11.409167435414602,0.327647015657484,21.973081924499635,0.36373174007379083,-50.759686916701895,74.57943925233644,64.76973155348014,3.0669469944771266,3.784313725490196,102
full,6,top20pct,False,False,8.597022469537063,10.400164839520777,-1.3993864928000708,21.33114117687897,0.40302684222330587,-55.63298709358495,96.56542056074767,34.2751903438632,1.633278693564355,48.64705882352941,204
first_half,6,top20pct,False,False,12.816426508142275,14.693583658540522,0.19711152466279458,20.019541275898288,0.6401958132563252,-34.54260383500395,93.13404950957496,34.34619801499585,1.6366714601811383,38.088235294117645,102
second_half,6,top20pct,False,False,4.771092242902442,6.510266470681625,-2.893568064622287,22.53298581782199,0.21173812833667371,-55.63298709358503,99.11214953271028,34.26725417332494,1.63287003723529,59.205882352941174,102
full,6,top20pct,False,True,-0.02660458580849845,3.9054422101949315,-10.02301354814563,26.78608068744482,-0.0009932242838710092,-74.08333182054898,94.08878504672897,80.21335560194383,3.7842549075043697,8.82843137254902,204
first_half,6,top20pct,False,True,2.768558107080943,6.5817919326297325,-9.850756876398538,26.25594745311216,0.10544498963615884,-61.281104301166536,88.183092013078,75.75499752090364,3.5777535321972587,6.53921568627451,102
second_half,6,top20pct,False,True,-2.625062841324699,1.3980553762034331,-10.289723148849427,27.27983418108499,-0.09622722865173565,-74.08333182054902,99.11214953271028,84.18151760455262,3.9676482972002325,11.117647058823529,102
full,6,top20pct,True,False,13.328553749766513,14.740540319505978,3.33214478742938,16.594049739529176,0.8032128358646637,-24.588109297617255,68.24766355140187,25.77163259257938,1.2305908319828474,34.1764705882353,204
first_half,6,top20pct,True,False,14.739395741187167,16.07146058537756,2.1200807577076866,16.547405281834113,0.8907375803122562,-24.588109297617255,61.046240074731436,24.023583889378543,1.1476247800039974,23.892156862745097,102
second_half,6,top20pct,True,False,12.187406835356285,13.684035652276272,4.522746527831556,16.59396853160793,0.7344479900719291,-19.720438115764395,74.57943925233644,27.582752796374592,1.3164810769892732,44.46078431372549,102
full,6,top20pct,True,True,5.449815076056197,8.354635172463777,-4.546593886280936,20.21705946631152,0.2695651702037795,-62.683362161222234,65.77102803738318,56.506314083802266,2.680845255751274,5.8088235294117645,204
first_half,6,top20pct,True,True,2.2169515867949574,4.703686925620643,-10.402363396684523,22.234842474564907,0.09970619712422041,-62.683362161222234,56.095282578234475,49.98064756200593,2.375021751232309,3.715686274509804,102
second_half,6,top20pct,True,True,8.919913791614565,12.245533236353978,1.2552534840898364,17.928656537556158,0.4975227102448822,-35.023166347146116,74.57943925233644,62.54178452716722,2.962807827494307,7.901960784313726,102
full,6,top10n,False,False,11.958880671850846,14.420943142140864,1.9624717095137125,29.217783232621304,0.40930143730065394,-66.78167619877901,96.56542056074767,45.26172787602972,2.1517585877888656,9.705882352941176,204
first_half,6,top10n,False,False,16.86106872552817,19.437543966684935,4.24175374204869,29.27988747766482,0.5758583853298642,-52.75700775831464,93.13404950957496,45.375117416183144,2.157173662140466,9.411764705882353,102
second_half,6,top10n,False,False,7.378653485775,9.743534319456515,-0.28600682174972913,29.081301442548313,0.25372500953411353,-66.78167619877904,99.11214953271028,45.33052675035455,2.154915866658247,10.0,102
full,6,top10n,False,True,1.1644898235629642,4.912028492122444,-8.831919138774168,22.50804941463045,0.051736594411687875,-70.76410065581918,94.08878504672897,75.63971919226165,3.5720772178576943,9.318627450980392,204
first_half,6,top10n,False,True,6.291567769802997,9.974427871983305,-6.327747213676483,19.776311882962293,0.31813655685837533,-47.9628358576514,88.183092013078,70.83203953756293,3.3488331546197125,8.754901960784315,102
second_half,6,top10n,False,True,-3.6003564666417964,0.1832026350360838,-11.265016774166526,24.910763061384422,-0.1445301558113614,-70.76410065581918,99.11214953271028,80.05524198421529,3.77664019732058,9.882352941176471,102
full,6,top10n,True,False,19.84445309949978,21.717501979861154,9.848044137162647,24.090805416259006,0.8237355603771828,-28.842771850526617,68.24766355140187,32.27017238779862,1.538849261523012,6.862745098039215,204
first_half,6,top10n,True,False,22.19449427892659,23.969587746282684,9.57517929544711,25.25571341124378,0.8787910251248597,-28.842771850526617,61.046240074731436,30.009957945391985,1.4318781724022345,6.176470588235294,102
second_half,6,top10n,True,False,17.667072637633474,19.64640801911688,10.002412330108745,22.770774185060027,0.7758661385006792,-28.196683785305154,74.57943925233644,34.71257524468349,1.6543207725610465,7.549019607843137,102
full,6,top10n,True,True,6.36461497230929,9.137767051501555,-3.631793990027843,16.420350904039495,0.3876052959832643,-46.191221069644286,65.77102803738318,53.52432399001913,2.540964648730293,6.578431372549019,204
first_half,6,top10n,True,True,6.0567453197576615,8.456134499909007,-6.562569663721819,15.54970475775233,0.38950870219822414,-46.191221069644286,56.095282578234475,46.52398291415326,2.2123130159625526,5.607843137254902,102
second_half,6,top10n,True,True,6.800699890897022,9.93400751807818,-0.8639604166277071,17.201075556372302,0.39536480545122876,-30.092186844777846,74.57943925233644,60.13250820313988,2.850171387289724,7.549019607843137,102
full,12,top10pct,False,False,8.265136810869222,9.803702465467424,-1.7312721514679108,25.006837385680118,0.3305150780722939,-56.96497412290794,93.57476635514018,29.372153905311748,1.4011965171047414,23.598039215686274,204
first_half,12,top10pct,False,False,14.139835025676128,15.711889118997968,1.5205200421966474,25.00858183962576,0.5653993143774251,-44.54025471018266,87.15553479682391,28.47217384075395,1.358593404092756,17.970588235294116,102
second_half,12,top10pct,False,False,2.8830459813789844,4.401746170301046,-4.781614326145744,24.929926827014096,0.11564598650385578,-56.96497412290784,99.11214953271028,30.501906501823946,1.4546693370863562,29.225490196078432,102
full,12,top10pct,False,True,-0.985257971652187,2.9386874131291485,-10.98166693398932,34.68123138184867,-0.028408967398079396,-81.33359610867119,93.57476635514018,80.80698826636018,3.8119248296154873,4.186274509803922,204
first_half,12,top10pct,False,True,5.966115530368854,9.809670510759382,-6.653199453110626,37.13878649860684,0.16064379299503112,-58.91105556607036,87.15553479682391,74.08024513590185,3.5001971707163237,3.0392156862745097,102
second_half,12,top10pct,False,True,-7.438418090975752,-3.481133960160898,-15.10307839850048,31.974537857587652,-0.2326356716743161,-81.33359610867123,99.11214953271028,87.04353531838716,4.100011006326421,5.333333333333333,102
full,12,top10pct,True,False,14.234874149164177,15.46049402117129,4.238465186827044,19.89475919612154,0.7155087432241577,-22.679465339511474,65.25700934579439,22.212572040301392,1.0615058270774358,16.480392156862745,204
first_half,12,top10pct,True,False,17.408269555371024,18.524352218954764,4.788954571891544,21.473149508180654,0.8106994061927886,-22.679465339511474,55.06772536198038,19.69205241570739,0.9416483977250478,11.0,102
second_half,12,top10pct,True,False,11.353154354946415,12.696650965914124,3.6884940474216865,18.076339221466146,0.6280671222115723,-22.291704073456696,74.57943925233644,24.962864196849786,1.1921353469270146,21.96078431372549,102
full,12,top10pct,True,True,6.932927482994411,9.890791686054602,-3.0634814793427223,27.365342133445818,0.25334700546356453,-58.77540585739547,65.25700934579439,56.733395188127176,2.6916397249283963,2.7549019607843137,204
first_half,12,top10pct,True,True,6.490457351348611,8.93074469445625,-6.128857632130869,32.8831861849194,0.1973792112129696,-58.77540585739547,55.06772536198038,47.11080279501496,2.240219095125495,1.7254901960784315,102
second_half,12,top10pct,True,True,7.426217151179015,10.883692210533557,-0.23844315634571345,20.313920093323897,0.3655728247951323,-43.16189892384159,74.57943925233644,65.86579150280804,3.118109606947328,3.784313725490196,102
full,12,top20pct,False,False,7.975625277847742,9.284088782358225,-2.020783684489391,21.491009327083624,0.37111450451034034,-54.2955545659529,93.57476635514018,25.07526941345119,1.1973046754467531,47.71078431372549,204
first_half,12,top20pct,False,False,12.609509837823275,13.923265920377602,-0.009805145656205383,20.22095328854395,0.6235863194920247,-31.415547341922846,87.15553479682391,24.14574191126283,1.1531938379229056,36.34313725490196,102
second_half,12,top20pct,False,False,3.680087072847571,4.995759319363269,-3.984573234677158,22.648085967598888,0.16248998163078449,-54.29555456595321,99.11214953271028,26.25069982615351,1.25307179551295,59.07843137254902,102
full,12,top20pct,False,True,-0.962794221107266,2.8601730878755838,-10.9592031834444,25.8802462580112,-0.03720189566624522,-71.01865486512386,93.57476635514018,78.75454526035057,3.716664277549664,8.818627450980392,204
first_half,12,top20pct,False,True,2.0323298176599724,5.723408740861169,-10.586985165819508,26.009288644958538,0.0781386159922488,-51.1732361205065,87.15553479682391,73.89187907237546,3.491259851683748,6.519607843137255,102
second_half,12,top20pct,False,True,-3.6064690672245603,0.3353760484276602,-11.27112937474929,25.653731740768173,-0.14058262960211998,-71.01865486512378,99.11214953271028,83.33881220220859,3.9286692997988037,11.117647058823529,102
full,12,top20pct,True,False,12.325775003268058,13.39161980959811,2.3293660409309247,16.368961982231195,0.7529967396007096,-22.496810952253043,65.25700934579439,19.658926654930013,0.939967881329995,33.31372549019608,204
first_half,12,top20pct,True,False,13.55143011094382,14.524176475228433,0.9321151274643391,16.63673178814232,0.8145488118407053,-19.266477998489062,55.06772536198038,17.755710164926292,0.8493807982063561,22.225490196078432,102
second_half,12,top20pct,True,False,11.271823485539523,12.443681290703456,3.607163178014794,16.037084652832327,0.7028598856681095,-22.49681095225301,74.57943925233644,21.8080460554477,1.0421731054270578,44.40196078431372,102
full,12,top20pct,True,True,5.885230267573061,8.739484508632312,-4.111178694764073,19.873461220629917,0.2961351423507354,-50.66930928911779,65.25700934579439,55.31142065190081,2.6248554091983456,5.799019607843137,204
first_half,12,top20pct,True,True,3.4364564090474614,5.809662229402468,-9.182858574432018,22.083215458727427,0.15561395103308437,-50.66930928911779,55.06772536198038,47.17115334386351,2.2429008564545994,3.696078431372549,102
second_half,12,top20pct,True,True,8.68911987238068,12.041767160256644,1.0244595648559507,17.237108347126824,0.5040938246367194,-38.918103897618636,74.57943925233644,63.17328871382104,2.9923191795793835,7.901960784313726,102
full,12,top10n,False,False,10.217980819377726,12.039348711294684,0.22157185704059223,29.661058124829914,0.3444914465416199,-67.07894318557304,93.57476635514018,34.11118544897536,1.625650195995243,9.411764705882353,204
first_half,12,top10n,False,False,18.23257219372365,20.04328993616533,5.613257210244171,30.37850721053936,0.6001799913130075,-48.52883799642914,87.15553479682391,31.631293178695802,1.5083873021178862,8.823529411764707,102
second_half,12,top10n,False,False,3.2708261115970583,5.116822010219657,-4.3938341959276705,28.820793100926608,0.11348841442853629,-67.07894318557302,99.11214953271028,36.87399152218833,1.7561374700265753,10.0,102
full,12,top10n,False,True,2.934901540329271,6.695040801154839,-7.061507422007862,21.850525873458714,0.1343172039577419,-61.69061552909567,93.57476635514018,74.60884787880853,3.5241930951911082,9.269607843137255,204
first_half,12,top10n,False,True,6.6899989840468965,10.277864266400805,-5.929315999432584,19.867588620983987,0.3367292886757769,-41.83223848271231,87.15553479682391,68.78318370829756,3.253477301379981,8.656862745098039,102
second_half,12,top10n,False,True,-0.4244254814165349,3.4977383013487184,-8.089085788941263,23.561072207154673,-0.01801384409354901,-61.69061552909567,99.11214953271028,80.33647283363325,3.7896130361276925,9.882352941176471,102
full,12,top10n,True,False,18.03529890157165,19.413625874318917,8.038889939234517,23.98650151608491,0.751893680263356,-26.21752028774025,65.25700934579439,24.162962572455967,1.1542459770863545,6.568627450980392,204
first_half,12,top10n,True,False,20.04872249360541,21.242792816250788,7.42940751012593,26.125397202750168,0.7674035475140994,-26.21752028774025,55.06772536198038,20.599259809257823,0.9848588067869923,5.588235294117647,102
second_half,12,top10n,True,False,16.647692860093,18.22812435150636,8.98303255256827,21.500400705753826,0.7742968648783289,-24.46220003749662,74.57943925233644,28.009579138587533,1.336764412090774,7.549019607843137,102
full,12,top10n,True,True,7.532939929279747,10.266407942739896,-2.463469033057386,15.845727221169176,0.47539250323683974,-34.27606347497699,65.25700934579439,52.20358956687691,2.4789671346505116,6.529411764705882,204
first_half,12,top10n,True,True,7.7120027690640525,9.984569854970694,-4.907312214415428,15.938465862709611,0.48386104631986065,-31.20420514017891,55.06772536198038,43.42343857685323,2.066259920735547,5.509803921568627,102
second_half,12,top10n,True,True,7.639126008091979,10.837170916576033,-0.025534299432750096,15.588950606278097,0.4900346534561149,-34.276063474977015,74.57943925233644,60.88570134121431,2.8853541479249123,7.549019607843137,102
